	3J5P_A.TRPV1	3J9J_A.TRPV1	5AN8_A.TRPV2	5IRX_A.TRPV1	5IRZ_B.TRPV1	5T4D_A.PKD2	5VKQ_A.NOMPC	5WJ9_A.TRPML1	5WPQ_A.TRPML1	5WPV_A.TRPML1	5Z1W_A.PKD2L1	5Z96_A.TRPC4	5Z96_B.TRPC4	5ZX5_A.TRPM7	6A70_A.PKD2	6A70_B.PKD1	6A70_F.PKD2	6A70_G.PKD2	6AEI_A.TRPC5	6AYF_A.TRPML3	6BBJ_A.TRPV4	6BCO_A.TRPM4	6BO5_A.TRPV2	6BO8_A.TRPV6	6BQR_A.TRPM4	6BQV_A.TRPM4	6BWD_A.TRPM7	6CO7_A.TRPM2	6CUD_A.TRPC3	6DRJ_A.TRPM2	6E2G_A.TRPV6	6E7P_A.TRPML1	6G1K_A.TRPC4	6JZO_A.TRPC4	6JZO_B.TRPC4	6LGP_A.TRPV3	6MHO_A.TRPV3	6MHS_A.TRPV3	6MHV_A.TRPV3	6MIX_A.TRPM2	6NR3_A.TRPM8	6O1N_A.TRPV5	6O1P_A.TRPV5	6O20_A.TRPV5	6O6A_A.TRPM8	6O6R_A.TRPM8	6O72_A.TRPM8	6O77_A.TRPM8	6PQO_A.TRPA1	6PUO_A.TRPM2	6PW4_A.TRP1	6PW4_B.TRP1	6PW5_A.TRP1	6PW5_B.TRP1	6T9N_A.PKD2	6T9O_A.PKD2	6U88_A.TRPV2	6U8A_A.TRPV2	6UZ8_A.TRPC6	6UZA_A.TRPC6	6WHG_A.TRPY	6WJ5_A.TRPA1	6WKN_A.TRPV2	6X2J_A.TRPA1	7AA5_A.TRPV4	7B0J_A.TRPC4	7B16_A.TRPC4	7B1G_B.TRPC4	7D4P_A.TRPC5	7D7E_A.PKD1L3	7D7F_A.PKD1L3	7D7F_B.PKD2L1	7D7F_D.PKD2L1	7DXB_A.TRPC3	7DXC_A.TRPC3	7DXF_A.TRPC6	7DXG_A.TRPC6	7DYS_A.TRPML2	7JUP_A.TRPA1	7K4A_A.TRPV6	7K4B_A.TRPV6	7L2H_A.TRPV1	7L2N_A.TRPV1	7L2P_A.TRPV1	7L2R_A.TRPV1	7L2S_A.TRPV1	7L2T_A.TRPV1	7L2W_A.TRPV1	7LP9_A.TRPV1	7LPA_A.TRPV1	7LPC_A.TRPV1	7LPD_A.TRPV1	7LQY_A.TRPV1	7LQZ_A.TRPV1	7MBP_A.TRPM5	7MBQ_A.TRPM5	7MGL_A.TRPML1	7MIJ_A.TRPV3	7MIK_A.TRPV3	7MIO_A.TRPV3	7MZ5_A.TRPV1	7MZ9_A.TRPV1	7MZC_A.TRPV1	7MZD_A.TRPV1	7N0M_A.TRPV2	7RQU_A.TRPV1	7RQV_A.TRPV1	7RQX_A.TRPV1	7RQY_A.TRPV1	7S88_A.TRPV6	7S89_A.TRPV6	7S8B_A.TRPV6	7SQ6_A.TRPML1	7SQ7_A.TRPML1	7SQ9_A.TRPML1	7T6M_A.TRPV5	7T6O_A.TRPV5	7UGG_A.TRPV3	7WDB_A.TRPC5	7WRE_A.TRPM8
3J5P_A.TRPV1	0.0	0.94	2.1	1.78	0.97	2.76	2.88	3.77	3.68	3.6	3.37	2.43	2.43	2.88	3.31	3.77	2.86	2.86	2.15	4.11	5.46	3.32	2.14	2.24	3.13	3.16	2.92	3.05	3.01	4.57	2.19	3.85	2.24	2.27	2.28	1.86	1.91	1.86	1.9	4.01	2.84	2.22	1.94	2.12	3.56	3.56	3.27	2.76	3.59	3.88	2.57	2.81	2.87	2.93	2.74	2.67	1.92	2.21	2.92	3.09	3.89	3.6	1.98	3.54	3.18	2.31	2.5	2.27	2.24	4.32	4.51	3.76	3.18	2.98	2.92	2.74	3.12	3.33	3.61	2.3	1.98	1.15	1.35	1.05	1.5	1.2	1.57	1.81	1.17	1.25	1.17	1.35	1.04	1.31	2.97	2.91	3.78	2.49	2.29	2.64	1.52	1.26	1.29	1.45	1.94	1.31	1.47	1.51	1.81	2.12	2.05	2.0	3.77	3.57	3.84	2.08	2.04	2.73	2.21	2.91
3J9J_A.TRPV1	0.94	0.0	2.11	1.94	1.12	2.88	2.88	3.81	4.0	4.07	3.41	2.31	2.31	2.85	3.47	4.22	2.87	2.87	2.07	4.42	5.5	3.12	2.3	2.3	2.91	2.96	2.92	3.13	2.91	4.39	2.24	4.12	2.19	2.25	2.25	1.84	1.76	1.71	1.72	3.78	2.76	2.34	2.08	2.22	3.68	3.53	3.29	2.72	3.78	3.78	2.75	2.97	2.94	2.95	2.91	2.89	2.11	2.39	2.83	2.94	3.81	3.66	1.95	3.55	3.13	2.2	2.39	2.23	2.23	4.26	4.47	3.9	3.31	3.0	2.77	2.63	2.87	3.32	3.77	2.36	2.12	1.15	1.45	1.09	1.53	1.36	1.6	1.96	1.3	1.29	1.27	1.31	1.09	1.3	2.96	2.85	4.19	2.51	2.32	2.73	1.57	1.22	1.38	1.39	2.01	1.32	1.53	1.65	1.84	2.3	2.18	2.11	3.98	3.82	4.04	2.16	2.27	2.67	2.21	2.82
5AN8_A.TRPV2	2.1	2.11	0.0	2.38	2.24	2.35	3.09	3.28	3.61	3.59	2.75	2.7	2.7	3.22	3.12	3.34	2.47	2.47	2.51	4.0	5.5	3.61	2.78	2.24	3.32	3.51	3.27	3.17	2.81	4.39	2.3	3.45	2.66	2.68	2.7	2.33	2.13	2.05	2.17	4.05	2.83	2.34	2.35	2.38	3.56	3.39	3.29	2.87	3.64	4.1	2.82	2.73	2.91	2.92	2.54	2.41	1.47	1.58	2.93	3.01	3.87	3.71	1.27	3.68	3.18	2.64	2.57	2.62	2.55	4.1	4.21	3.33	2.72	2.84	2.94	2.94	3.19	2.83	3.73	2.27	2.11	2.4	2.19	2.35	2.18	2.26	2.09	2.2	2.21	2.23	2.21	2.29	2.29	2.28	3.39	3.15	3.25	2.59	2.53	2.76	2.38	2.26	2.22	2.24	1.3	2.23	2.22	2.31	2.28	2.41	2.28	2.25	3.53	3.36	3.6	2.4	2.38	2.98	2.54	3.0
5IRX_A.TRPV1	1.78	1.94	2.38	0.0	1.78	2.66	3.2	3.52	3.74	3.83	3.53	2.47	2.47	3.27	2.99	3.78	2.87	2.88	2.4	4.04	5.51	3.66	2.76	1.96	3.46	3.45	3.44	3.63	3.09	4.5	2.36	3.75	2.54	2.44	2.45	2.15	2.08	1.94	2.15	4.51	3.11	2.29	2.23	2.25	3.66	3.73	3.45	3.24	3.67	4.43	2.58	3.02	2.89	3.17	2.74	2.77	2.31	2.4	2.93	3.16	3.62	3.5	2.43	3.39	3.4	2.42	2.57	2.54	2.49	4.51	4.53	3.92	3.28	3.11	2.85	2.81	3.01	3.0	3.53	2.03	2.09	1.98	1.5	1.93	1.8	2.08	1.9	1.05	1.81	1.66	1.82	1.34	1.87	1.77	3.63	3.32	3.76	2.63	2.42	2.4	1.83	1.85	1.58	1.98	2.22	1.7	1.47	1.27	1.03	2.04	1.85	2.25	3.6	3.76	3.65	2.17	2.33	2.9	2.46	3.16
5IRZ_B.TRPV1	0.97	1.12	2.24	1.78	0.0	2.78	2.86	3.76	3.83	3.85	3.34	2.3	2.3	2.83	3.38	3.99	2.93	2.95	2.11	4.34	5.6	3.35	2.43	2.28	2.98	3.08	2.92	3.02	2.89	4.67	2.22	3.93	2.33	2.27	2.27	1.66	1.72	1.63	1.72	3.96	2.83	2.26	2.0	2.19	3.66	3.49	3.34	2.76	3.73	3.78	2.71	2.89	2.98	3.08	2.85	2.69	1.97	2.28	2.85	2.97	3.75	3.66	1.92	3.65	3.08	2.24	2.39	2.32	2.22	4.16	4.36	3.67	3.28	2.94	2.95	2.71	2.92	3.23	3.68	2.32	2.1	0.86	1.32	0.71	1.22	0.97	1.27	1.74	0.7	0.97	0.68	1.08	0.72	1.06	2.95	2.9	3.89	2.32	2.12	2.6	1.37	0.94	1.19	1.19	2.04	1.0	1.24	1.35	1.8	2.35	2.2	2.23	3.93	3.79	3.98	2.12	2.13	2.52	2.24	2.81
5T4D_A.PKD2	2.76	2.88	2.35	2.66	2.78	0.0	3.79	4.4	4.51	4.4	1.76	3.04	3.04	3.64	2.09	3.01	1.02	1.01	3.17	4.14	5.89	3.94	3.04	2.69	3.56	3.56	3.63	3.71	3.32	4.77	2.87	4.45	3.38	3.02	3.05	2.61	2.61	2.4	2.61	4.14	3.06	2.89	2.99	2.93	3.66	3.67	3.61	3.43	2.72	4.28	2.81	3.25	3.09	3.19	0.59	0.57	2.56	2.68	3.47	3.44	3.17	2.73	2.52	2.68	3.77	3.52	3.62	3.58	2.89	3.93	3.98	2.02	1.86	3.32	3.44	3.01	3.33	4.58	2.7	2.77	2.9	3.0	3.04	2.85	2.66	2.77	2.76	2.83	2.9	2.85	2.87	2.8	2.98	3.04	3.73	3.55	4.28	3.47	3.33	3.07	3.19	2.91	2.98	3.05	2.64	2.93	2.98	2.9	2.78	2.75	2.78	2.8	4.53	4.26	4.6	3.51	3.25	3.2	2.87	3.65
5VKQ_A.NOMPC	2.88	2.88	3.09	3.2	2.86	3.79	0.0	3.94	4.19	4.02	4.0	3.02	2.97	3.26	3.76	3.86	3.68	3.66	2.98	4.27	5.78	3.16	3.21	3.13	3.02	3.09	2.96	3.51	3.51	4.46	2.9	4.23	2.93	2.99	2.96	2.91	2.82	3.04	2.9	3.59	3.07	2.96	3.0	2.99	3.76	3.89	3.77	2.93	3.99	3.29	3.25	2.92	3.5	3.64	3.68	3.57	3.03	3.36	3.31	3.46	4.16	3.81	2.91	3.62	3.63	2.97	2.89	3.11	3.01	4.46	4.69	4.22	3.57	3.35	3.58	3.14	3.3	3.4	3.74	3.15	3.03	2.89	2.93	2.76	2.82	2.73	2.83	3.08	2.77	2.77	2.76	2.78	2.87	2.79	3.18	3.23	4.14	3.16	3.08	3.28	2.89	2.73	2.77	2.79	3.2	2.69	2.77	2.89	3.01	3.13	3.2	3.12	3.97	4.13	4.02	3.14	3.02	3.13	3.01	3.17
5WJ9_A.TRPML1	3.77	3.81	3.28	3.52	3.76	4.4	3.94	0.0	2.49	2.58	4.48	3.71	3.71	3.86	4.25	4.93	4.21	4.2	3.86	2.64	5.08	4.47	4.24	3.86	4.45	4.28	4.08	4.41	4.4	5.1	3.91	2.53	3.95	3.75	3.76	3.53	3.52	3.22	3.37	4.89	4.02	3.81	3.96	4.01	4.56	4.64	4.26	3.94	3.73	4.99	3.52	3.52	3.74	3.82	4.44	4.42	3.41	3.29	4.31	4.37	4.39	3.51	3.31	3.53	4.27	3.91	3.83	3.95	3.78	4.65	4.61	4.67	4.33	4.45	4.65	3.85	4.11	2.26	3.53	3.83	3.89	3.79	3.77	3.73	3.61	3.7	3.63	3.48	3.73	3.71	3.68	3.77	3.76	3.79	4.46	4.32	1.98	3.86	3.9	3.52	3.89	3.65	3.72	3.73	3.46	3.7	3.72	3.77	3.56	4.17	3.88	4.09	1.53	2.23	1.58	4.01	3.93	3.98	3.7	4.04
5WPQ_A.TRPML1	3.68	4.0	3.61	3.74	3.83	4.51	4.19	2.49	0.0	0.97	4.53	4.12	4.12	4.02	4.3	4.85	4.23	4.24	4.23	1.81	5.1	4.41	4.09	4.05	4.47	4.4	4.13	4.37	4.24	5.2	4.22	1.22	4.24	4.11	4.13	3.46	3.45	3.38	3.49	5.03	4.16	4.1	4.33	4.32	4.59	4.42	4.44	4.04	3.31	4.69	3.64	3.79	3.84	4.2	4.64	4.52	3.51	3.59	4.18	4.21	4.67	3.35	3.5	3.38	3.99	4.22	4.07	4.3	4.09	3.81	3.93	4.43	4.3	4.21	4.62	3.89	4.35	1.75	3.41	4.04	4.17	3.95	3.92	3.94	3.58	3.74	3.64	3.69	3.74	3.77	3.73	4.22	3.93	3.83	4.62	4.48	1.12	3.66	3.78	3.5	4.16	3.79	3.8	3.9	3.63	3.73	3.8	3.87	3.77	4.29	4.06	4.27	2.44	1.06	2.51	4.34	4.25	3.79	4.11	4.02
5WPV_A.TRPML1	3.6	4.07	3.59	3.83	3.85	4.4	4.02	2.58	0.97	0.0	4.03	4.06	4.06	3.93	4.24	4.82	4.18	4.19	4.17	1.72	5.16	4.29	4.23	4.02	4.48	4.38	4.03	4.46	4.32	5.02	4.26	1.39	4.11	4.05	4.06	3.55	3.45	3.33	3.41	4.71	4.05	4.11	4.34	4.26	4.53	4.38	4.37	3.96	3.55	4.5	3.67	3.74	3.89	3.95	4.59	4.57	3.52	3.71	4.11	4.26	4.85	3.58	3.43	3.44	3.82	4.19	4.01	4.21	4.02	3.78	3.85	4.14	4.32	4.23	4.33	3.87	4.28	1.68	3.4	4.03	4.13	3.94	4.07	3.9	3.59	3.65	3.65	3.68	3.79	3.78	3.82	3.96	3.95	3.85	4.59	4.48	1.31	3.6	3.7	3.62	4.11	3.8	3.82	4.0	3.71	3.73	3.77	3.77	3.76	4.31	4.05	4.34	2.51	1.31	2.58	4.35	4.17	3.7	4.01	4.06
5Z1W_A.PKD2L1	3.37	3.41	2.75	3.53	3.34	1.76	4.0	4.48	4.53	4.03	0.0	4.01	4.02	3.99	2.74	3.42	1.92	1.9	3.83	3.87	5.15	4.05	3.72	3.33	4.38	4.35	3.95	4.08	3.69	4.72	3.1	4.47	4.11	4.0	4.0	3.67	2.69	3.13	2.76	4.86	3.42	3.07	3.41	3.27	4.38	4.26	4.31	3.83	3.01	4.57	3.38	3.44	3.59	3.66	1.9	1.82	2.81	2.69	4.18	3.9	3.93	3.18	2.97	3.05	3.93	4.02	3.84	4.06	3.7	3.42	3.33	0.76	1.22	3.82	4.05	3.88	3.81	4.11	3.14	3.26	3.28	3.57	3.68	3.43	2.96	3.06	2.86	3.27	3.23	3.19	3.3	3.6	3.73	3.56	4.37	3.82	4.32	3.75	3.11	3.02	3.59	3.41	3.5	3.37	2.89	3.46	3.33	3.56	3.35	3.38	3.42	3.34	4.71	4.48	4.77	4.16	3.61	3.55	3.72	3.75
5Z96_A.TRPC4	2.43	2.31	2.7	2.47	2.3	3.04	3.02	3.71	4.12	4.06	4.01	0.0	0.0	3.22	3.45	3.79	3.34	3.32	0.84	4.27	5.68	3.74	2.82	2.8	3.49	3.56	3.41	3.45	2.18	4.57	2.77	4.02	1.08	0.54	0.38	2.74	2.65	2.72	2.75	4.39	3.05	2.9	2.67	2.68	3.76	3.68	3.46	3.13	3.76	3.97	2.88	2.76	2.99	3.33	3.02	3.08	2.63	2.71	1.99	2.12	3.75	3.71	2.63	3.73	3.95	0.98	1.17	1.03	1.09	4.59	4.7	3.92	3.48	2.01	2.17	1.79	2.05	3.27	3.67	2.86	2.69	2.34	2.42	2.26	2.3	2.29	2.27	2.47	2.45	2.54	2.41	2.44	2.71	2.7	3.37	3.35	3.94	3.06	2.89	2.92	2.52	2.33	2.36	2.4	2.57	2.53	2.58	2.54	2.69	2.8	2.74	2.67	3.95	3.92	3.97	2.72	2.75	2.79	1.12	3.37
5Z96_B.TRPC4	2.43	2.31	2.7	2.47	2.3	3.04	2.97	3.71	4.12	4.06	4.02	0.0	0.0	3.11	3.45	3.79	3.34	3.32	0.84	4.27	5.68	3.72	2.82	2.8	3.39	3.42	3.39	3.34	2.18	4.54	2.77	4.01	1.08	0.38	0.38	2.74	2.65	2.72	2.75	4.32	2.98	2.9	2.67	2.68	3.76	3.68	3.46	3.13	3.75	3.89	2.88	2.76	2.99	3.33	3.02	3.08	2.63	2.71	1.99	2.12	3.75	3.71	2.63	3.73	4.05	0.8	1.17	1.03	1.09	4.59	4.68	3.92	3.33	2.01	2.17	1.79	2.05	3.27	3.67	2.86	2.69	2.34	2.42	2.26	2.3	2.29	2.27	2.47	2.45	2.54	2.41	2.44	2.71	2.7	3.28	3.23	3.94	3.06	2.89	2.92	2.52	2.33	2.36	2.4	2.57	2.53	2.58	2.54	2.69	2.8	2.74	2.67	3.95	3.92	3.91	2.72	2.75	2.79	1.12	3.37
5ZX5_A.TRPM7	2.88	2.85	3.22	3.27	2.83	3.64	3.26	3.86	4.02	3.93	3.99	3.22	3.11	0.0	3.58	3.76	3.48	3.47	3.06	4.12	5.88	2.37	3.47	2.98	2.22	2.19	0.85	2.38	3.56	4.02	2.67	3.98	3.07	3.26	3.17	2.86	2.77	2.77	2.81	3.66	2.54	2.88	2.88	2.9	3.53	3.54	3.61	2.17	3.85	3.21	3.55	3.2	3.63	3.66	3.41	3.26	2.78	3.23	3.36	3.34	4.58	3.71	3.01	3.65	3.53	3.11	3.11	3.07	3.03	4.25	4.42	3.84	3.51	3.38	3.52	3.24	3.32	3.36	3.8	2.92	2.76	2.81	3.14	2.81	2.78	2.78	2.81	3.08	2.74	2.99	2.99	3.06	2.82	2.88	1.81	2.13	4.0	2.84	2.86	3.11	3.06	2.8	2.88	2.82	3.12	3.01	2.95	3.12	3.28	2.91	2.87	2.91	3.94	3.94	3.91	2.94	2.83	2.8	3.08	2.13
6A70_A.PKD2	3.31	3.47	3.12	2.99	3.38	2.09	3.76	4.25	4.3	4.24	2.74	3.45	3.45	3.58	0.0	3.54	1.94	1.94	3.26	4.0	4.95	3.97	3.37	3.15	3.97	3.94	3.56	4.0	3.8	4.77	3.38	4.14	3.42	3.44	3.45	3.24	3.19	3.01	3.05	4.09	3.44	3.37	3.45	3.4	4.12	4.16	4.07	3.5	3.08	4.34	2.83	3.17	3.2	3.34	2.04	2.03	3.14	3.29	3.79	3.88	3.99	3.15	3.19	3.07	3.99	3.63	3.4	3.64	3.35	3.86	3.94	2.82	2.49	3.8	3.89	3.45	3.74	4.33	3.07	3.21	3.29	3.48	3.44	3.4	3.13	3.19	3.22	3.07	3.28	3.44	3.38	3.28	3.46	3.51	4.07	3.85	4.1	3.48	3.39	3.28	3.62	3.45	3.39	3.52	3.07	3.43	3.2	3.23	3.0	3.16	3.13	3.28	4.31	4.09	4.37	3.22	3.44	3.35	3.28	3.64
6A70_B.PKD1	3.77	4.22	3.34	3.78	3.99	3.01	3.86	4.93	4.85	4.82	3.42	3.79	3.79	3.76	3.54	0.0	3.02	3.07	3.73	4.46	5.92	4.3	4.33	3.8	4.09	4.2	3.86	3.92	3.79	4.78	3.96	4.92	3.85	3.79	3.81	3.57	3.69	3.72	3.53	5.25	3.53	3.71	3.75	4.13	4.53	4.5	4.51	3.83	3.56	4.58	3.5	4.38	3.6	3.9	3.01	3.14	3.47	3.67	3.85	3.8	3.55	3.71	3.61	3.52	3.81	3.81	3.91	3.97	3.59	4.17	4.24	3.5	3.54	3.9	3.99	3.93	3.8	4.95	3.52	3.65	3.65	3.8	3.86	4.1	3.7	3.78	3.76	3.53	3.95	3.67	3.67	3.95	3.89	3.65	4.22	3.97	4.82	3.72	3.73	3.76	4.17	3.79	3.81	4.17	4.0	4.12	3.61	3.65	3.53	4.09	3.8	3.74	4.92	4.68	4.96	4.08	4.13	3.79	3.58	3.52
6A70_F.PKD2	2.86	2.87	2.47	2.87	2.93	1.02	3.68	4.21	4.23	4.18	1.92	3.34	3.34	3.48	1.94	3.02	0.0	0.16	3.53	3.93	5.9	3.77	3.48	2.98	3.74	3.73	3.58	3.85	3.38	4.31	2.96	4.16	3.67	3.32	3.35	2.74	2.85	2.62	2.85	4.25	3.02	2.94	3.02	3.15	3.62	3.79	3.73	3.49	2.86	4.39	2.94	2.93	3.19	3.2	1.11	1.04	2.72	2.79	3.45	3.49	3.58	2.66	2.75	2.73	3.83	3.4	3.34	3.47	3.19	3.78	3.78	2.07	1.99	3.49	3.62	3.18	3.44	4.3	2.76	2.85	2.94	3.06	3.12	2.93	2.77	2.76	2.84	2.89	2.9	2.87	2.87	3.01	3.13	3.11	3.87	3.71	4.03	3.11	3.11	3.04	3.25	3.05	3.03	3.08	2.66	2.91	3.07	3.06	2.91	2.9	2.94	2.91	4.35	4.06	4.45	3.0	3.07	3.26	3.13	3.49
6A70_G.PKD2	2.86	2.87	2.47	2.88	2.95	1.01	3.66	4.2	4.24	4.19	1.9	3.32	3.32	3.47	1.94	3.07	0.16	0.0	3.16	4.0	5.92	3.77	3.05	2.82	3.73	3.72	3.44	3.82	3.36	4.31	2.98	4.21	3.66	3.3	3.33	2.74	2.85	2.62	2.84	4.24	3.02	2.96	3.05	3.15	3.75	3.79	3.5	3.49	2.85	4.39	2.93	2.91	3.18	3.18	1.09	1.02	2.72	2.79	3.44	3.48	3.58	2.8	2.75	2.71	3.82	3.39	3.33	3.46	3.17	3.73	3.78	2.05	1.98	3.47	3.61	3.17	3.43	4.37	2.78	2.84	2.93	3.06	3.11	2.94	2.77	2.77	2.85	2.9	2.9	2.87	2.87	3.01	3.12	3.12	3.86	3.7	4.07	3.09	3.12	3.04	3.25	3.05	3.03	3.08	2.66	2.92	3.08	3.06	2.91	2.89	2.96	2.9	4.38	4.08	4.47	3.01	3.08	3.24	3.16	3.57
6AEI_A.TRPC5	2.15	2.07	2.51	2.4	2.11	3.17	2.98	3.86	4.23	4.17	3.83	0.84	0.84	3.06	3.26	3.73	3.53	3.16	0.0	4.36	5.8	3.59	2.66	2.58	3.33	3.43	3.31	3.14	2.15	4.54	2.65	4.12	0.92	0.75	0.64	2.85	2.54	2.69	2.73	4.15	3.02	2.7	2.6	2.61	3.77	3.69	3.57	3.08	3.71	3.85	2.9	2.8	3.06	3.27	3.12	3.0	2.45	2.6	2.04	2.06	3.62	3.7	2.53	3.72	3.85	0.68	1.13	0.87	0.74	4.44	4.59	3.75	3.26	1.91	2.17	1.8	1.96	3.54	3.66	2.65	2.5	2.19	2.33	2.07	2.13	2.16	2.11	2.45	2.2	2.33	2.14	2.24	2.77	2.55	3.2	3.1	4.03	2.98	2.73	2.93	2.41	2.22	2.29	2.29	2.5	2.33	2.39	2.38	2.47	2.61	2.69	2.51	4.04	3.99	4.01	2.63	2.66	2.83	0.74	3.38
6AYF_A.TRPML3	4.11	4.42	4.0	4.04	4.34	4.14	4.27	2.64	1.81	1.72	3.87	4.27	4.27	4.12	4.0	4.46	3.93	4.0	4.36	0.0	5.24	4.77	4.56	4.06	4.9	4.71	4.24	4.59	4.71	5.29	4.52	1.89	4.4	4.22	4.23	4.0	3.76	3.78	3.7	5.41	4.29	4.36	4.47	4.45	4.81	4.8	4.81	4.11	3.94	5.06	3.86	3.88	4.22	4.15	4.39	4.29	3.88	3.9	4.66	4.71	4.81	3.94	3.8	3.87	4.27	4.38	4.28	4.43	4.26	4.15	4.01	4.01	4.11	4.64	4.83	4.22	4.56	2.0	4.02	4.22	4.19	4.4	4.2	4.34	4.18	4.26	4.2	3.99	4.26	4.17	4.21	4.33	4.36	4.23	5.07	4.83	1.98	4.12	4.16	3.86	4.24	4.16	4.07	4.32	4.01	4.23	4.16	4.1	4.06	4.5	4.08	4.5	2.55	1.55	2.75	4.3	4.33	4.31	4.24	4.2
6BBJ_A.TRPV4	5.46	5.5	5.5	5.51	5.6	5.89	5.78	5.08	5.1	5.16	5.15	5.68	5.68	5.88	4.95	5.92	5.9	5.92	5.8	5.24	0.0	5.2	5.12	5.6	5.52	5.55	5.92	5.54	5.89	5.17	5.5	5.17	5.6	5.97	5.7	5.59	5.47	5.3	5.37	5.65	5.45	5.42	5.44	5.65	5.19	5.17	5.07	4.87	5.87	4.9	5.63	5.59	5.54	5.79	6.08	5.92	5.65	5.57	5.74	5.98	5.63	5.85	5.27	5.78	4.34	5.98	5.48	5.54	5.67	5.64	4.81	5.35	6.61	5.68	5.57	5.62	5.74	4.78	5.6	5.48	5.5	5.59	5.5	5.64	5.58	5.57	5.63	5.55	5.5	5.6	5.58	5.41	5.43	5.58	5.38	5.29	5.1	5.49	5.46	5.5	5.5	5.55	5.51	5.51	5.42	5.56	5.47	5.61	5.64	5.68	5.57	5.31	5.28	5.11	5.15	5.56	5.29	5.42	5.83	5.41
6BCO_A.TRPM4	3.32	3.12	3.61	3.66	3.35	3.94	3.16	4.47	4.41	4.29	4.05	3.74	3.72	2.37	3.97	4.3	3.77	3.77	3.59	4.77	5.2	0.0	3.81	3.51	1.17	1.22	2.3	2.32	3.68	3.79	3.15	4.35	3.56	3.74	3.73	3.3	3.29	3.36	3.25	2.7	2.8	3.41	3.38	3.38	3.99	3.98	4.11	2.05	4.06	2.27	3.95	3.36	3.81	3.94	4.01	3.83	3.48	3.88	3.64	3.71	4.94	4.01	3.33	3.75	3.57	3.62	3.57	3.65	3.57	3.84	4.02	3.87	3.26	3.71	3.73	3.54	3.8	3.53	3.93	3.45	3.23	3.42	3.35	3.38	3.32	3.14	3.28	3.43	3.45	3.31	3.35	3.41	3.48	3.51	2.13	2.65	4.34	3.28	3.33	3.66	3.26	3.34	3.25	3.33	3.62	3.45	3.43	3.48	3.68	3.43	3.38	3.33	4.47	4.33	4.52	3.45	3.25	3.06	3.58	2.6
6BO5_A.TRPV2	2.14	2.3	2.78	2.76	2.43	3.04	3.21	4.24	4.09	4.23	3.72	2.82	2.82	3.47	3.37	4.33	3.48	3.05	2.66	4.56	5.12	3.81	0.0	2.65	3.4	3.62	3.25	3.42	3.3	4.48	2.9	4.43	2.75	2.81	2.81	2.78	2.63	2.55	2.76	3.79	2.93	2.93	2.77	2.85	3.16	3.1	3.06	3.12	4.11	3.67	3.26	3.24	3.34	3.2	3.28	3.09	2.64	2.75	3.13	3.36	3.91	4.08	2.6	4.1	3.32	2.78	2.96	2.78	2.79	4.18	4.24	4.03	3.54	3.27	3.2	3.2	3.4	3.38	4.14	2.76	2.62	2.42	2.4	2.41	2.69	2.64	2.72	2.73	2.6	2.52	2.59	2.47	2.42	2.71	3.39	3.24	4.49	3.21	3.11	3.27	2.5	2.58	2.62	2.53	2.64	2.68	2.64	2.6	2.76	2.97	2.72	2.86	4.43	4.17	4.38	2.84	2.87	3.41	2.79	3.29
6BO8_A.TRPV6	2.24	2.3	2.24	1.96	2.28	2.69	3.13	3.86	4.05	4.02	3.33	2.8	2.8	2.98	3.15	3.8	2.98	2.82	2.58	4.06	5.6	3.51	2.65	0.0	3.2	3.36	2.97	3.15	3.41	4.22	1.4	4.07	2.81	2.73	2.74	2.36	2.32	2.31	2.39	3.99	2.85	1.56	1.36	1.38	3.76	3.78	3.67	2.76	3.49	4.16	2.65	2.81	2.79	3.15	2.74	2.72	2.13	2.47	3.3	3.39	3.93	3.44	2.29	3.46	3.69	2.72	2.86	2.86	2.76	4.25	4.32	3.82	3.23	3.32	3.26	2.88	3.23	3.26	3.46	0.79	1.02	2.41	2.28	2.34	2.1	2.32	2.15	2.0	2.35	2.26	2.28	2.09	2.58	2.42	3.15	2.81	4.04	3.01	2.82	2.92	2.42	2.23	2.31	2.38	2.3	2.3	2.24	2.16	1.87	0.66	0.65	0.99	3.95	3.85	3.99	0.94	1.29	2.96	2.71	3.03
6BQR_A.TRPM4	3.13	2.91	3.32	3.46	2.98	3.56	3.02	4.45	4.47	4.48	4.38	3.49	3.39	2.22	3.97	4.09	3.74	3.73	3.33	4.9	5.52	1.17	3.4	3.2	0.0	0.66	2.22	2.29	3.67	3.94	3.06	4.53	3.38	3.46	3.4	3.13	3.2	3.29	3.11	2.64	2.7	3.3	3.18	3.2	3.9	3.83	3.9	1.84	4.03	2.7	3.56	3.29	3.8	3.72	3.84	3.71	3.12	3.63	3.51	3.61	4.82	4.03	3.02	3.82	3.62	3.35	3.49	3.49	3.28	4.07	4.25	4.09	3.39	3.56	3.6	3.39	3.59	3.51	4.02	3.22	3.01	3.01	3.16	3.03	3.03	2.98	3.1	3.52	3.08	3.17	3.07	3.23	3.01	3.11	1.85	2.51	4.54	3.26	3.25	3.62	3.19	2.94	3.07	3.04	3.37	3.19	3.37	3.36	3.62	3.18	3.05	3.11	4.51	4.35	4.66	3.18	3.21	3.15	3.36	2.62
6BQV_A.TRPM4	3.16	2.96	3.51	3.45	3.08	3.56	3.09	4.28	4.4	4.38	4.35	3.56	3.42	2.19	3.94	4.2	3.73	3.72	3.43	4.71	5.55	1.22	3.62	3.36	0.66	0.0	2.23	2.37	3.7	3.97	3.26	4.5	3.42	3.54	3.48	3.1	3.17	3.32	3.1	2.56	2.83	3.29	3.23	3.29	3.92	3.99	4.0	2.19	4.16	2.68	3.54	3.29	3.7	3.78	3.8	3.69	3.12	3.69	3.66	3.65	5.0	4.02	3.19	3.82	3.75	3.43	3.48	3.55	3.31	4.04	4.19	3.78	3.32	3.66	3.71	3.39	3.66	3.41	3.99	3.37	3.19	3.06	3.24	3.07	3.05	3.08	3.06	3.61	3.18	3.28	3.18	3.31	3.16	3.19	1.9	2.65	4.36	3.2	3.33	3.75	3.25	2.99	3.13	3.07	3.34	3.31	3.43	3.44	3.43	3.36	3.24	3.27	4.3	4.26	4.28	3.29	3.08	3.22	3.38	2.74
6BWD_A.TRPM7	2.92	2.92	3.27	3.44	2.92	3.63	2.96	4.08	4.13	4.03	3.95	3.41	3.39	0.85	3.56	3.86	3.58	3.44	3.31	4.24	5.92	2.3	3.25	2.97	2.22	2.23	0.0	2.36	3.5	4.12	2.93	3.97	3.22	3.48	3.41	2.89	2.92	3.0	2.81	3.68	2.62	3.04	3.15	3.2	3.56	3.62	3.66	2.1	3.86	3.27	3.57	3.3	3.78	3.77	3.65	3.59	3.06	3.3	3.43	3.42	4.61	3.91	3.11	3.88	3.54	3.28	3.16	3.38	3.18	4.21	4.5	3.79	3.5	3.49	3.53	3.23	3.43	3.43	4.22	2.98	2.83	2.87	3.08	2.93	2.82	2.85	2.8	3.21	2.79	3.01	3.09	3.05	3.03	3.03	1.86	2.29	4.03	2.92	2.93	3.19	3.07	2.85	2.98	2.96	3.13	3.05	3.05	3.33	3.3	3.02	3.0	3.03	4.02	3.96	3.98	3.14	3.0	2.88	3.26	2.37
6CO7_A.TRPM2	3.05	3.13	3.17	3.63	3.02	3.71	3.51	4.41	4.37	4.46	4.08	3.45	3.34	2.38	4.0	3.92	3.85	3.82	3.14	4.59	5.54	2.32	3.42	3.15	2.29	2.37	2.36	0.0	3.62	3.9	3.09	4.28	3.15	3.42	3.31	2.98	2.7	3.12	2.95	3.9	2.6	3.1	3.26	3.33	3.54	3.55	3.5	1.99	4.31	3.39	3.22	3.16	3.41	3.58	3.85	3.47	3.18	3.43	3.74	3.77	4.46	4.25	2.98	4.0	3.67	3.28	3.19	3.29	3.06	3.92	4.24	3.65	3.25	3.87	3.92	3.4	3.7	3.43	4.18	3.05	2.93	3.2	3.33	3.08	2.89	2.86	3.01	3.43	3.02	3.24	3.05	3.32	3.36	3.33	2.23	2.18	4.42	3.2	3.08	3.36	3.26	3.07	3.18	3.09	3.24	3.09	3.35	3.43	3.53	3.25	3.19	3.1	4.38	4.4	4.38	3.21	3.16	3.08	3.04	2.18
6CUD_A.TRPC3	3.01	2.91	2.81	3.09	2.89	3.32	3.51	4.4	4.24	4.32	3.69	2.18	2.18	3.56	3.8	3.79	3.38	3.36	2.15	4.71	5.89	3.68	3.3	3.41	3.67	3.7	3.5	3.62	0.0	4.46	3.33	4.33	2.34	2.14	2.17	2.83	2.77	2.78	2.81	4.42	3.08	3.36	3.48	3.47	3.86	3.72	3.62	3.38	3.63	4.22	3.24	3.15	3.36	3.46	3.33	3.35	3.01	3.1	1.2	1.08	3.63	3.7	2.99	3.8	3.91	2.49	2.24	2.53	2.17	4.49	4.49	3.86	3.48	1.23	1.11	1.31	1.29	3.71	3.7	3.34	3.29	3.0	3.1	2.96	2.72	2.78	2.64	3.0	2.85	3.0	2.86	3.03	3.1	3.12	3.61	3.56	4.11	3.01	2.93	3.04	3.14	3.03	3.03	3.02	2.89	2.98	3.06	3.02	3.08	3.38	3.43	3.28	4.55	4.21	4.5	3.45	3.52	2.99	2.12	3.48
6DRJ_A.TRPM2	4.57	4.39	4.39	4.5	4.67	4.77	4.46	5.1	5.2	5.02	4.72	4.57	4.54	4.02	4.77	4.78	4.31	4.31	4.54	5.29	5.17	3.79	4.48	4.22	3.94	3.97	4.12	3.9	4.46	0.0	4.54	5.2	4.66	4.66	4.65	4.57	4.24	4.51	4.34	4.57	3.42	4.52	4.56	4.62	4.28	4.23	4.24	3.87	4.92	3.79	4.2	3.49	4.2	4.2	4.46	4.49	4.27	4.37	4.8	4.8	4.33	4.78	4.43	4.46	3.8	4.65	4.54	4.73	4.61	4.73	4.65	4.37	4.49	4.52	4.64	4.55	4.55	4.44	4.57	3.87	4.51	4.61	4.59	4.66	4.47	4.27	4.33	4.1	4.52	4.48	4.53	4.62	4.69	4.6	3.66	3.32	5.18	4.08	4.57	4.31	4.69	4.66	4.31	4.32	4.24	4.7	4.37	4.32	4.32	4.56	4.21	4.63	5.08	5.16	5.14	4.53	4.42	4.18	4.61	3.74
6E2G_A.TRPV6	2.19	2.24	2.3	2.36	2.22	2.87	2.9	3.91	4.22	4.26	3.1	2.77	2.77	2.67	3.38	3.96	2.96	2.98	2.65	4.52	5.5	3.15	2.9	1.4	3.06	3.26	2.93	3.09	3.33	4.54	0.0	4.13	2.68	2.69	2.71	2.3	2.03	2.17	2.09	3.81	2.87	1.11	1.23	1.21	3.66	3.74	3.65	2.73	3.5	3.97	2.76	2.88	2.79	3.17	2.94	2.85	2.19	2.51	3.24	3.28	4.12	3.52	2.11	3.52	3.28	2.7	2.68	2.72	2.7	4.2	4.29	3.48	3.05	3.42	3.48	2.92	3.27	3.69	3.71	1.29	1.06	2.36	2.49	2.34	1.84	2.2	1.9	2.28	2.31	2.23	2.26	2.44	2.53	2.38	2.98	3.03	4.2	2.85	2.8	2.91	2.45	2.22	2.36	2.36	2.31	2.18	2.31	2.42	2.32	1.61	1.4	1.32	4.23	4.11	4.23	1.37	1.19	2.84	2.68	2.85
6E7P_A.TRPML1	3.85	4.12	3.45	3.75	3.93	4.45	4.23	2.53	1.22	1.39	4.47	4.02	4.01	3.98	4.14	4.92	4.16	4.21	4.12	1.89	5.17	4.35	4.43	4.07	4.53	4.5	3.97	4.28	4.33	5.2	4.13	0.0	4.07	4.0	4.02	3.43	3.4	3.2	3.38	4.84	4.04	4.13	4.41	4.42	4.5	4.63	4.37	4.0	3.69	4.7	3.7	3.76	3.77	4.03	4.54	4.45	3.33	3.44	4.21	4.23	4.75	3.67	3.37	3.67	3.91	4.16	3.94	4.12	3.94	3.99	4.02	4.31	4.26	4.31	4.59	3.89	4.22	2.02	3.57	4.16	4.21	4.0	4.04	3.95	3.76	3.83	3.78	3.79	3.91	3.93	3.88	3.99	4.09	4.04	4.94	4.38	1.26	3.52	3.59	3.46	4.19	3.87	3.91	3.97	3.53	3.81	3.89	3.86	3.82	4.31	4.12	4.47	2.67	1.38	2.71	4.38	4.34	3.57	4.04	4.09
6G1K_A.TRPC4	2.24	2.19	2.66	2.54	2.33	3.38	2.93	3.95	4.24	4.11	4.11	1.08	1.08	3.07	3.42	3.85	3.67	3.66	0.92	4.4	5.6	3.56	2.75	2.81	3.38	3.42	3.22	3.15	2.34	4.66	2.68	4.07	0.0	1.01	1.01	2.69	2.65	2.59	2.78	4.13	3.01	2.7	2.73	2.72	3.67	3.63	3.48	3.02	3.7	3.77	2.9	2.98	3.07	3.36	3.29	3.32	2.46	2.71	2.1	2.19	3.86	3.77	2.51	3.78	3.91	0.78	0.88	0.83	0.97	4.55	4.74	4.04	3.45	2.17	2.32	2.03	2.27	3.59	3.72	2.75	2.59	2.32	2.43	2.23	2.24	2.25	2.22	2.55	2.36	2.5	2.34	2.38	2.59	2.56	3.35	3.16	4.01	3.02	2.85	2.95	2.52	2.3	2.36	2.4	2.48	2.47	2.58	2.59	2.62	2.75	2.73	2.67	4.1	3.93	4.07	2.8	2.79	2.69	0.97	3.46
6JZO_A.TRPC4	2.27	2.25	2.68	2.44	2.27	3.02	2.99	3.75	4.11	4.05	4.0	0.54	0.38	3.26	3.44	3.79	3.32	3.3	0.75	4.22	5.97	3.74	2.81	2.73	3.46	3.54	3.48	3.42	2.14	4.66	2.69	4.0	1.01	0.0	0.18	2.76	2.71	2.77	2.76	4.36	3.16	2.77	2.6	2.62	3.85	3.69	3.51	3.15	3.75	4.01	2.81	2.78	2.99	3.33	2.99	3.06	2.59	2.58	1.95	2.07	3.78	3.7	2.68	3.72	4.04	0.9	1.12	1.03	1.1	4.61	4.73	3.82	3.31	1.96	2.13	1.73	2.0	3.38	3.66	2.71	2.59	2.28	2.35	2.2	2.24	2.22	2.21	2.42	2.39	2.49	2.35	2.39	2.73	2.66	3.36	3.27	3.94	3.07	2.9	2.94	2.45	2.27	2.3	2.35	2.57	2.48	2.54	2.5	2.65	2.66	2.64	2.64	3.94	3.89	3.93	2.71	2.74	2.87	0.97	3.4
6JZO_B.TRPC4	2.28	2.25	2.7	2.45	2.27	3.05	2.96	3.76	4.13	4.06	4.0	0.38	0.38	3.17	3.45	3.81	3.35	3.33	0.64	4.23	5.7	3.73	2.81	2.74	3.4	3.48	3.41	3.31	2.17	4.65	2.71	4.02	1.01	0.18	0.0	2.76	2.71	2.79	2.76	4.33	3.06	2.77	2.6	2.63	3.85	3.74	3.56	3.16	3.76	3.92	2.81	2.73	2.98	3.3	3.01	3.08	2.7	2.7	1.98	2.07	3.78	3.7	2.8	3.72	4.03	0.81	1.13	1.05	1.1	4.62	4.74	3.94	3.33	1.95	2.13	1.77	2.0	3.23	3.71	2.72	2.6	2.28	2.35	2.2	2.24	2.22	2.21	2.42	2.39	2.49	2.35	2.38	2.73	2.58	3.29	3.19	3.95	3.07	2.9	2.94	2.45	2.27	2.29	2.34	2.58	2.47	2.54	2.5	2.65	2.67	2.66	2.65	3.94	3.9	3.95	2.71	2.75	2.86	0.9	3.4
6LGP_A.TRPV3	1.86	1.84	2.33	2.15	1.66	2.61	2.91	3.53	3.46	3.55	3.67	2.74	2.74	2.86	3.24	3.57	2.74	2.74	2.85	4.0	5.59	3.3	2.78	2.36	3.13	3.1	2.89	2.98	2.83	4.57	2.3	3.43	2.69	2.76	2.76	0.0	1.39	1.42	1.43	3.87	2.53	2.31	2.23	2.19	3.57	3.64	3.69	2.54	3.62	3.8	2.59	2.84	2.75	3.17	2.73	2.79	2.19	2.4	2.81	3.06	4.0	3.51	1.98	3.31	3.17	2.69	2.72	2.74	2.76	3.88	3.9	3.54	3.06	2.99	2.97	2.87	3.14	2.86	3.47	2.24	2.18	1.83	2.07	1.81	1.64	1.67	1.72	2.0	1.68	1.58	1.62	1.76	2.06	1.77	2.85	2.87	3.34	1.08	0.98	1.97	2.02	1.71	1.8	1.86	2.24	1.58	1.68	1.87	1.91	2.54	2.29	2.39	3.6	3.34	3.63	2.48	2.44	1.7	2.83	2.78
6MHO_A.TRPV3	1.91	1.76	2.13	2.08	1.72	2.61	2.82	3.52	3.45	3.45	2.69	2.65	2.65	2.77	3.19	3.69	2.85	2.85	2.54	3.76	5.47	3.29	2.63	2.32	3.2	3.17	2.92	2.7	2.77	4.24	2.03	3.4	2.65	2.71	2.71	1.39	0.0	0.9	0.77	4.1	2.83	2.04	2.12	2.11	3.59	3.6	3.7	2.71	3.54	4.0	2.62	2.85	2.82	2.86	2.65	2.7	1.88	2.26	2.79	2.9	3.77	3.35	1.96	3.38	3.21	2.63	2.68	2.69	2.5	3.91	4.09	3.34	2.72	2.84	2.78	2.72	2.91	2.85	3.39	2.29	2.14	1.94	2.01	1.84	1.71	1.77	1.61	2.06	1.72	1.67	1.68	1.71	1.89	1.77	2.86	2.87	3.29	1.49	1.47	1.88	1.89	1.83	1.83	1.81	1.92	1.74	1.76	1.89	1.95	2.3	2.28	2.07	3.49	3.28	3.49	2.29	2.19	1.9	2.5	2.68
6MHS_A.TRPV3	1.86	1.71	2.05	1.94	1.63	2.4	3.04	3.22	3.38	3.33	3.13	2.72	2.72	2.77	3.01	3.72	2.62	2.62	2.69	3.78	5.3	3.36	2.55	2.31	3.29	3.32	3.0	3.12	2.78	4.51	2.17	3.2	2.59	2.77	2.79	1.42	0.9	0.0	0.98	4.09	2.72	2.09	2.07	2.23	3.64	3.56	3.46	2.85	3.58	4.05	2.52	2.86	2.87	3.16	2.45	2.53	1.88	2.23	2.74	2.9	3.78	3.41	1.84	3.4	3.11	2.6	2.65	2.75	2.62	3.92	4.12	3.21	2.7	2.89	2.93	2.73	3.0	2.73	3.38	2.34	2.19	1.83	2.04	1.76	1.61	1.64	1.58	1.93	1.59	1.62	1.53	1.72	2.03	1.81	3.08	3.02	3.21	1.51	1.45	1.86	2.04	1.78	1.82	1.91	1.92	1.65	1.67	1.82	1.83	2.29	2.27	2.1	3.31	3.13	3.39	2.29	2.14	1.79	2.64	2.72
6MHV_A.TRPV3	1.9	1.72	2.17	2.15	1.72	2.61	2.9	3.37	3.49	3.41	2.76	2.75	2.75	2.81	3.05	3.53	2.85	2.84	2.73	3.7	5.37	3.25	2.76	2.39	3.11	3.1	2.81	2.95	2.81	4.34	2.09	3.38	2.78	2.76	2.76	1.43	0.77	0.98	0.0	3.97	2.71	2.1	2.12	2.17	3.7	3.63	3.42	2.74	3.57	3.91	2.6	2.9	3.08	3.11	2.66	2.71	1.9	2.17	2.87	2.92	3.87	3.39	1.78	3.33	3.1	2.61	2.79	2.75	2.67	4.05	4.22	3.37	2.76	2.99	3.02	2.87	2.97	2.83	3.41	2.41	2.18	1.86	2.01	1.83	1.71	1.74	1.62	2.04	1.67	1.6	1.62	1.71	2.02	1.74	2.87	2.86	3.24	1.64	1.55	1.97	1.83	1.75	1.77	1.74	1.82	1.61	1.7	1.87	1.94	2.34	2.32	2.11	3.45	3.29	3.45	2.27	2.15	1.93	2.68	2.7
6MIX_A.TRPM2	4.01	3.78	4.05	4.51	3.96	4.14	3.59	4.89	5.03	4.71	4.86	4.39	4.32	3.66	4.09	5.25	4.25	4.24	4.15	5.41	5.65	2.7	3.79	3.99	2.64	2.56	3.68	3.9	4.42	4.57	3.81	4.84	4.13	4.36	4.33	3.87	4.1	4.09	3.97	0.0	3.55	3.91	3.91	3.88	3.7	3.95	4.0	3.05	4.76	2.7	4.37	3.69	4.34	4.11	4.31	4.26	4.03	4.32	4.22	4.6	4.08	4.52	3.98	4.48	4.45	4.28	4.23	4.3	4.26	4.51	4.64	4.78	4.2	4.53	4.52	4.33	4.7	3.69	4.65	4.02	3.77	3.98	4.11	3.96	3.96	3.96	4.01	4.26	3.99	4.25	4.05	4.25	4.02	4.08	3.22	3.86	4.76	3.92	4.04	4.75	3.89	3.83	4.08	3.78	4.03	3.98	4.19	4.16	4.37	4.06	3.91	3.8	5.11	4.81	5.12	3.88	3.67	3.83	4.32	3.66
6NR3_A.TRPM8	2.84	2.76	2.83	3.11	2.83	3.06	3.07	4.02	4.16	4.05	3.42	3.05	2.98	2.54	3.44	3.53	3.02	3.02	3.02	4.29	5.45	2.8	2.93	2.85	2.7	2.83	2.62	2.6	3.08	3.42	2.87	4.04	3.01	3.16	3.06	2.53	2.83	2.72	2.71	3.55	0.0	2.86	2.88	2.92	2.69	2.93	2.9	2.21	4.07	3.1	2.71	2.63	2.68	2.9	3.16	3.02	2.73	2.97	3.02	3.19	4.07	3.95	2.72	3.94	3.12	2.91	2.8	3.04	3.02	4.62	4.51	3.73	3.5	3.18	3.15	3.0	3.32	3.27	3.92	2.9	2.83	2.72	3.01	2.88	2.7	2.74	2.69	2.92	2.72	2.88	2.75	2.98	2.75	2.85	2.48	2.16	3.95	2.58	2.56	2.86	3.01	2.84	2.97	2.89	2.76	2.87	2.87	2.93	2.82	2.82	2.78	2.73	3.96	4.02	4.07	2.88	2.84	2.8	3.05	2.16
6O1N_A.TRPV5	2.22	2.34	2.34	2.29	2.26	2.89	2.96	3.81	4.1	4.11	3.07	2.9	2.9	2.88	3.37	3.71	2.94	2.96	2.7	4.36	5.42	3.41	2.93	1.56	3.3	3.29	3.04	3.1	3.36	4.52	1.11	4.13	2.7	2.77	2.77	2.31	2.04	2.09	2.1	3.91	2.86	0.0	0.8	1.01	3.71	3.72	3.68	2.7	3.63	3.99	2.72	2.86	2.71	3.19	2.97	2.86	2.13	2.36	3.21	3.37	4.18	3.5	2.15	3.52	3.32	2.86	2.75	2.81	2.75	4.1	4.16	3.44	3.09	3.45	3.47	2.99	3.34	3.58	3.56	1.49	1.32	2.38	2.46	2.38	1.88	2.11	1.95	2.17	2.33	2.18	2.17	2.33	2.54	2.42	3.1	3.15	3.99	2.69	2.65	2.66	2.43	2.26	2.31	2.36	2.36	2.14	2.23	2.38	2.23	1.47	1.48	1.48	4.12	4.02	4.16	1.28	1.12	2.72	2.72	2.8
6O1P_A.TRPV5	1.94	2.08	2.35	2.23	2.0	2.99	3.0	3.96	4.33	4.34	3.41	2.67	2.67	2.88	3.45	3.75	3.02	3.05	2.6	4.47	5.44	3.38	2.77	1.36	3.18	3.23	3.15	3.26	3.48	4.56	1.23	4.41	2.73	2.6	2.6	2.23	2.12	2.07	2.12	3.91	2.88	0.8	0.0	0.73	3.65	3.66	3.56	2.59	3.74	4.18	2.74	2.99	2.8	3.16	2.99	2.92	2.13	2.4	3.25	3.39	4.16	3.61	2.14	3.62	3.6	2.69	2.8	2.76	2.69	4.25	4.35	3.77	3.29	3.41	3.44	3.03	3.29	3.57	3.62	1.47	1.14	2.13	2.16	2.18	1.99	2.18	2.07	2.2	2.15	2.17	2.15	2.12	2.32	2.45	3.16	3.13	4.23	2.94	2.78	2.87	2.26	2.03	2.08	2.13	2.39	2.15	2.19	2.27	2.22	1.22	1.16	1.27	4.11	4.19	4.41	0.93	0.74	2.93	2.65	2.89
6O20_A.TRPV5	2.12	2.22	2.38	2.25	2.19	2.93	2.99	4.01	4.32	4.26	3.27	2.68	2.68	2.9	3.4	4.13	3.15	3.15	2.61	4.45	5.65	3.38	2.85	1.38	3.2	3.29	3.2	3.33	3.47	4.62	1.21	4.42	2.72	2.62	2.63	2.19	2.11	2.23	2.17	3.88	2.92	1.01	0.73	0.0	3.69	3.7	3.67	2.61	3.74	4.07	2.82	3.06	2.82	3.21	3.02	2.94	2.07	2.42	3.2	3.35	4.23	3.62	2.15	3.57	3.62	2.7	2.77	2.75	2.71	4.31	4.44	3.87	3.19	3.46	3.42	2.96	3.35	3.63	3.65	1.38	0.96	2.27	2.31	2.26	1.98	2.17	2.06	2.21	2.22	2.16	2.15	2.15	2.44	2.43	3.23	3.16	4.31	2.91	2.86	2.95	2.29	2.04	2.1	2.26	2.42	2.14	2.26	2.28	2.24	1.26	1.18	1.31	4.26	4.2	4.33	0.95	0.72	2.97	2.68	2.97
6O6A_A.TRPM8	3.56	3.68	3.56	3.66	3.66	3.66	3.76	4.56	4.59	4.53	4.38	3.76	3.76	3.53	4.12	4.53	3.62	3.75	3.77	4.81	5.19	3.99	3.16	3.76	3.9	3.92	3.56	3.54	3.86	4.28	3.66	4.5	3.67	3.85	3.85	3.57	3.59	3.64	3.7	3.7	2.69	3.71	3.65	3.69	0.0	0.6	0.86	3.6	4.62	3.71	3.88	3.68	3.72	3.84	3.87	3.77	3.58	3.77	3.49	3.67	4.35	4.5	3.66	4.43	3.66	3.67	3.82	3.59	3.76	5.4	5.3	4.62	4.21	3.73	3.63	3.67	3.8	4.12	4.41	3.78	3.78	3.65	3.73	3.64	3.63	3.63	3.67	3.74	3.48	3.68	3.6	3.63	3.59	3.68	3.67	3.56	4.57	3.62	3.59	3.71	3.83	3.65	3.68	3.76	3.56	3.6	3.63	3.74	3.82	3.83	3.77	3.57	4.66	4.71	4.69	3.67	3.79	3.75	3.79	3.45
6O6R_A.TRPM8	3.56	3.53	3.39	3.73	3.49	3.67	3.89	4.64	4.42	4.38	4.26	3.68	3.68	3.54	4.16	4.5	3.79	3.79	3.69	4.8	5.17	3.98	3.1	3.78	3.83	3.99	3.62	3.55	3.72	4.23	3.74	4.63	3.63	3.69	3.74	3.64	3.6	3.56	3.63	3.95	2.93	3.72	3.66	3.7	0.6	0.0	0.77	3.67	4.54	3.81	3.83	3.72	3.8	3.91	3.72	3.8	3.58	3.69	3.46	3.64	4.34	4.48	3.53	4.49	3.67	3.57	3.75	3.49	3.71	5.28	5.04	4.61	4.13	3.63	3.49	3.59	3.69	3.97	4.45	3.81	3.72	3.49	3.59	3.59	3.54	3.52	3.51	3.78	3.48	3.63	3.48	3.39	3.43	3.73	3.69	3.54	4.71	3.67	3.63	3.88	3.64	3.7	3.68	3.73	3.46	3.59	3.62	3.79	3.83	3.68	3.74	3.56	4.38	4.53	4.58	3.63	3.78	3.74	3.75	3.55
6O72_A.TRPM8	3.27	3.29	3.29	3.45	3.34	3.61	3.77	4.26	4.44	4.37	4.31	3.46	3.46	3.61	4.07	4.51	3.73	3.5	3.57	4.81	5.07	4.11	3.06	3.67	3.9	4.0	3.66	3.5	3.62	4.24	3.65	4.37	3.48	3.51	3.56	3.69	3.7	3.46	3.42	4.0	2.9	3.68	3.56	3.67	0.86	0.77	0.0	3.66	4.58	3.74	3.53	3.49	3.62	3.78	3.5	3.58	3.45	3.55	3.44	3.58	4.24	4.56	3.41	4.44	3.76	3.36	3.61	3.3	3.48	5.33	5.19	4.38	4.04	3.51	3.47	3.49	3.54	3.96	4.46	3.75	3.67	3.34	3.48	3.31	3.31	3.32	3.32	3.45	3.31	3.46	3.34	3.36	3.3	3.51	3.86	3.46	4.41	3.57	3.54	3.64	3.61	3.42	3.43	3.58	3.34	3.49	3.6	3.5	3.52	3.62	3.66	3.55	4.37	4.68	4.4	3.65	3.71	3.83	3.51	3.62
6O77_A.TRPM8	2.76	2.72	2.87	3.24	2.76	3.43	2.93	3.94	4.04	3.96	3.83	3.13	3.13	2.17	3.5	3.83	3.49	3.49	3.08	4.11	4.87	2.05	3.12	2.76	1.84	2.19	2.1	1.99	3.38	3.87	2.73	4.0	3.02	3.15	3.16	2.54	2.71	2.85	2.74	3.05	2.21	2.7	2.59	2.61	3.6	3.67	3.66	0.0	3.94	2.68	3.21	3.19	3.31	3.4	3.49	3.21	2.8	3.06	3.29	3.4	4.33	3.89	2.67	3.81	3.19	3.06	3.05	3.07	3.07	3.88	4.0	3.51	3.25	3.44	3.52	3.18	3.49	3.33	3.88	2.75	2.66	2.79	2.92	2.72	2.77	2.7	2.82	3.05	2.82	2.86	2.73	2.9	2.81	2.98	1.6	1.96	3.94	2.7	2.71	3.23	2.93	2.77	2.87	2.87	2.9	2.77	2.88	3.05	3.05	2.75	2.74	2.69	3.91	3.8	3.88	2.74	2.58	2.5	3.07	1.26
6PQO_A.TRPA1	3.59	3.78	3.64	3.67	3.73	2.72	3.99	3.73	3.31	3.55	3.01	3.76	3.75	3.85	3.08	3.56	2.86	2.85	3.71	3.94	5.87	4.06	4.11	3.49	4.03	4.16	3.86	4.31	3.63	4.92	3.5	3.69	3.7	3.75	3.76	3.62	3.54	3.58	3.57	4.76	4.07	3.63	3.74	3.74	4.62	4.54	4.58	3.94	0.0	4.87	3.96	3.82	4.02	4.05	2.96	2.83	3.69	3.83	3.83	3.76	4.43	0.95	3.87	0.84	4.16	3.78	3.81	3.86	3.68	3.72	3.97	3.23	2.99	3.75	3.82	3.64	3.81	3.19	0.83	3.4	3.49	3.73	3.84	3.66	3.58	3.75	3.57	3.69	3.86	3.8	3.89	3.8	3.9	3.88	4.31	4.03	3.55	3.98	3.95	3.6	4.1	3.86	3.83	3.93	3.76	3.89	3.76	3.77	3.68	3.51	3.58	3.64	3.64	3.41	3.7	3.68	3.83	3.87	3.66	3.76
6PUO_A.TRPM2	3.88	3.78	4.1	4.43	3.78	4.28	3.29	4.99	4.69	4.5	4.57	3.97	3.89	3.21	4.34	4.58	4.39	4.39	3.85	5.06	4.9	2.27	3.67	4.16	2.7	2.68	3.27	3.39	4.22	3.79	3.97	4.7	3.77	4.01	3.92	3.8	4.0	4.05	3.91	2.7	3.1	3.99	4.18	4.07	3.71	3.81	3.74	2.68	4.87	0.0	4.06	3.39	4.15	3.99	4.68	4.47	3.94	4.13	4.07	4.09	4.3	4.68	3.8	4.64	3.68	3.86	3.75	3.92	3.75	4.21	4.35	4.52	4.25	4.19	4.31	3.91	4.2	3.49	4.56	4.12	3.97	4.02	4.03	3.97	3.79	3.76	3.78	4.22	4.0	4.04	3.89	4.09	4.08	3.86	2.77	3.13	4.8	3.83	3.86	4.17	4.08	3.79	3.79	3.72	4.07	3.89	3.99	4.05	4.18	4.21	4.16	3.81	5.0	4.89	5.03	4.05	4.0	3.53	3.78	3.06
6PW4_A.TRP1	2.57	2.75	2.82	2.58	2.71	2.81	3.25	3.52	3.64	3.67	3.38	2.88	2.88	3.55	2.83	3.5	2.94	2.93	2.9	3.86	5.63	3.95	3.26	2.65	3.56	3.54	3.57	3.22	3.24	4.2	2.76	3.7	2.9	2.81	2.81	2.59	2.62	2.52	2.6	4.37	2.71	2.72	2.74	2.82	3.88	3.83	3.53	3.21	3.96	4.06	0.0	1.68	0.93	1.46	2.87	2.92	2.54	2.93	3.1	3.26	3.84	3.85	2.67	3.75	3.08	2.95	2.9	3.04	2.94	4.54	4.56	3.98	3.23	3.14	3.24	3.03	3.24	2.73	3.68	2.68	2.69	2.74	2.77	2.72	2.62	2.66	2.61	2.54	2.6	2.59	2.61	2.57	2.72	2.69	3.59	3.12	3.45	2.58	2.63	2.51	2.84	2.69	2.63	2.73	2.53	2.56	2.49	2.54	2.5	2.65	2.65	2.74	3.57	3.39	3.62	2.71	2.81	3.01	2.94	3.24
6PW4_B.TRP1	2.81	2.97	2.73	3.02	2.89	3.25	2.92	3.52	3.79	3.74	3.44	2.76	2.76	3.2	3.17	4.38	2.93	2.91	2.8	3.88	5.59	3.36	3.24	2.81	3.29	3.29	3.3	3.16	3.15	3.49	2.88	3.76	2.98	2.78	2.73	2.84	2.85	2.86	2.9	3.69	2.63	2.86	2.99	3.06	3.68	3.72	3.49	3.19	3.82	3.39	1.68	0.0	1.81	0.79	2.94	2.77	2.72	2.95	3.15	3.19	3.67	3.75	2.98	3.66	2.98	2.83	3.07	2.9	2.82	4.47	4.61	4.12	3.36	2.98	3.26	2.89	3.11	2.73	3.77	2.76	2.82	2.95	2.91	2.9	2.95	3.0	2.8	3.04	2.9	2.98	2.87	2.84	2.9	3.06	3.29	2.89	3.71	2.81	2.84	2.77	3.09	2.97	3.16	2.84	2.89	2.95	2.96	3.01	2.93	2.79	2.76	2.85	3.57	3.68	3.61	2.78	3.16	3.37	2.78	3.11
6PW5_A.TRP1	2.87	2.94	2.91	2.89	2.98	3.09	3.5	3.74	3.84	3.89	3.59	2.99	2.99	3.63	3.2	3.6	3.19	3.18	3.06	4.22	5.54	3.81	3.34	2.79	3.8	3.7	3.78	3.41	3.36	4.2	2.79	3.77	3.07	2.99	2.98	2.75	2.82	2.87	3.08	4.34	2.68	2.71	2.8	2.82	3.72	3.8	3.62	3.31	4.02	4.15	0.93	1.81	0.0	1.86	3.12	3.18	2.77	3.06	3.21	3.34	3.99	4.05	2.86	3.95	3.28	3.13	3.0	3.12	3.07	4.38	4.63	4.08	3.63	3.27	3.38	3.19	3.48	2.78	3.87	2.75	2.77	2.94	2.91	2.86	2.78	2.82	2.78	2.66	2.82	2.79	2.83	2.75	3.09	2.94	3.72	3.4	3.68	2.77	2.79	2.77	2.97	2.89	2.87	2.87	2.81	2.78	2.69	2.76	2.64	2.74	2.78	2.81	3.87	3.73	3.86	2.75	2.81	3.04	3.04	3.38
6PW5_B.TRP1	2.93	2.95	2.92	3.17	3.08	3.19	3.64	3.82	4.2	3.95	3.66	3.33	3.33	3.66	3.34	3.9	3.2	3.18	3.27	4.15	5.79	3.94	3.2	3.15	3.72	3.78	3.77	3.58	3.46	4.2	3.17	4.03	3.36	3.33	3.3	3.17	2.86	3.16	3.11	4.11	2.9	3.19	3.16	3.21	3.84	3.91	3.78	3.4	4.05	3.99	1.46	0.79	1.86	0.0	3.12	3.06	2.87	3.26	3.47	3.52	4.09	3.99	2.98	3.91	3.3	3.39	3.26	3.45	3.42	4.49	4.85	4.17	3.46	3.19	3.42	3.28	3.61	2.98	3.93	2.96	3.16	2.99	2.98	3.06	3.0	3.07	2.91	3.21	3.08	3.16	3.05	2.76	3.1	3.19	3.79	3.5	3.85	3.22	3.17	3.09	3.07	3.06	3.2	2.97	2.92	3.0	3.12	3.24	2.96	3.15	2.65	3.02	3.87	3.92	3.95	3.0	3.17	3.09	3.41	3.39
6T9N_A.PKD2	2.74	2.91	2.54	2.74	2.85	0.59	3.68	4.44	4.64	4.59	1.9	3.02	3.02	3.41	2.04	3.01	1.11	1.09	3.12	4.39	6.08	4.01	3.28	2.74	3.84	3.8	3.65	3.85	3.33	4.46	2.94	4.54	3.29	2.99	3.01	2.73	2.65	2.45	2.66	4.31	3.16	2.97	2.99	3.02	3.87	3.72	3.5	3.49	2.96	4.68	2.87	2.94	3.12	3.12	0.0	0.52	2.67	2.82	3.44	3.43	3.37	2.8	2.64	2.78	3.82	3.08	3.3	3.17	3.16	3.84	3.99	2.23	2.09	3.3	3.4	3.0	3.21	4.68	2.77	2.79	2.84	2.94	2.96	2.78	2.81	2.86	2.84	2.93	2.95	2.9	2.92	2.87	2.91	3.1	3.96	3.7	4.41	3.38	3.15	3.12	3.14	2.95	2.93	3.02	2.67	3.01	2.99	2.97	2.92	2.82	2.83	2.87	4.73	4.39	4.72	2.9	3.17	3.33	3.15	3.51
6T9O_A.PKD2	2.67	2.89	2.41	2.77	2.69	0.57	3.57	4.42	4.52	4.57	1.82	3.08	3.08	3.26	2.03	3.14	1.04	1.02	3.0	4.29	5.92	3.83	3.09	2.72	3.71	3.69	3.59	3.47	3.35	4.49	2.85	4.45	3.32	3.06	3.08	2.79	2.7	2.53	2.71	4.26	3.02	2.86	2.92	2.94	3.77	3.8	3.58	3.21	2.83	4.47	2.92	2.77	3.18	3.06	0.52	0.0	2.58	2.79	3.47	3.45	3.64	2.81	2.57	2.8	3.78	3.16	3.32	3.23	2.92	3.82	3.92	2.15	1.96	3.34	3.51	3.06	3.38	4.62	2.8	2.8	2.75	2.89	2.96	2.74	2.6	2.68	2.81	2.94	2.81	2.85	2.78	2.78	2.98	3.08	3.84	3.28	4.33	3.38	3.1	3.09	3.21	2.79	2.92	3.07	2.69	2.88	3.06	2.79	2.95	2.77	2.79	2.81	4.63	4.31	4.61	2.85	2.94	3.31	2.93	3.31
6U88_A.TRPV2	1.92	2.11	1.47	2.31	1.97	2.56	3.03	3.41	3.51	3.52	2.81	2.63	2.63	2.78	3.14	3.47	2.72	2.72	2.45	3.88	5.65	3.48	2.64	2.13	3.12	3.12	3.06	3.18	3.01	4.27	2.19	3.33	2.46	2.59	2.7	2.19	1.88	1.88	1.9	4.03	2.73	2.13	2.13	2.07	3.58	3.58	3.45	2.8	3.69	3.94	2.54	2.72	2.77	2.87	2.67	2.58	0.0	1.07	3.01	3.15	3.97	3.66	0.87	3.55	3.08	2.61	2.47	2.51	2.51	3.98	4.17	3.25	2.61	3.12	3.23	2.9	3.19	2.79	3.6	2.14	1.97	2.12	2.07	2.07	1.94	1.99	1.81	2.13	1.97	2.01	1.94	2.09	2.02	2.1	3.17	3.08	3.3	2.22	2.19	2.73	2.14	2.07	2.17	2.07	1.07	2.09	2.12	2.2	2.16	2.21	2.14	2.04	3.47	3.33	3.54	2.17	2.05	2.57	2.48	2.88
6U8A_A.TRPV2	2.21	2.39	1.58	2.4	2.28	2.68	3.36	3.29	3.59	3.71	2.69	2.71	2.71	3.23	3.29	3.67	2.79	2.79	2.6	3.9	5.57	3.88	2.75	2.47	3.63	3.69	3.3	3.43	3.1	4.37	2.51	3.44	2.71	2.58	2.7	2.4	2.26	2.23	2.17	4.32	2.97	2.36	2.4	2.42	3.77	3.69	3.55	3.06	3.83	4.13	2.93	2.95	3.06	3.26	2.82	2.79	1.07	0.0	3.06	3.17	4.01	3.77	1.41	3.66	3.19	2.56	2.67	2.72	2.65	4.03	4.25	3.05	2.46	3.13	3.26	3.11	3.26	2.91	3.78	2.39	2.28	2.46	2.39	2.42	2.22	2.35	2.0	2.38	2.32	2.33	2.29	2.45	2.39	2.45	3.51	3.22	3.3	2.61	2.59	2.92	2.35	2.41	2.42	2.32	1.48	2.42	2.51	2.5	2.46	2.47	2.44	2.33	3.27	3.41	3.42	2.5	2.44	2.91	2.62	3.09
6UZ8_A.TRPC6	2.92	2.83	2.93	2.93	2.85	3.47	3.31	4.31	4.18	4.11	4.18	1.99	1.99	3.36	3.79	3.85	3.45	3.44	2.04	4.66	5.74	3.64	3.13	3.3	3.51	3.66	3.43	3.74	1.2	4.8	3.24	4.21	2.1	1.95	1.98	2.81	2.79	2.74	2.87	4.22	3.02	3.21	3.25	3.2	3.49	3.46	3.44	3.29	3.83	4.07	3.1	3.15	3.21	3.47	3.44	3.47	3.01	3.06	0.0	0.93	3.64	3.88	2.89	4.08	4.07	2.23	2.08	2.26	2.04	4.67	4.71	4.14	3.71	1.29	1.14	1.07	1.19	3.85	4.08	3.26	3.16	2.87	2.9	2.84	2.69	2.7	2.67	2.88	2.82	2.97	2.83	2.94	3.08	3.14	3.52	3.57	4.18	3.02	2.93	2.99	3.0	2.85	2.86	2.95	2.79	2.94	3.02	2.96	3.03	3.27	3.27	3.1	4.5	4.14	4.44	3.21	3.27	3.0	2.03	3.4
6UZA_A.TRPC6	3.09	2.94	3.01	3.16	2.97	3.44	3.46	4.37	4.21	4.26	3.9	2.12	2.12	3.34	3.88	3.8	3.49	3.48	2.06	4.71	5.98	3.71	3.36	3.39	3.61	3.65	3.42	3.77	1.08	4.8	3.28	4.23	2.19	2.07	2.07	3.06	2.9	2.9	2.92	4.6	3.19	3.37	3.39	3.35	3.67	3.64	3.58	3.4	3.76	4.09	3.26	3.19	3.34	3.52	3.43	3.45	3.15	3.17	0.93	0.0	3.52	3.82	3.17	3.87	4.28	2.33	2.17	2.39	2.01	4.49	4.59	3.91	3.56	1.03	1.22	1.03	0.62	3.75	3.81	3.35	3.24	3.02	3.12	2.97	2.85	2.89	2.77	3.06	2.97	3.1	2.98	3.12	3.17	3.24	3.58	3.63	4.09	3.22	3.24	3.17	3.16	3.05	3.05	3.05	2.97	3.1	3.2	3.15	3.26	3.35	3.39	3.2	4.55	4.17	4.45	3.39	3.42	3.22	1.99	3.4
6WHG_A.TRPY	3.89	3.81	3.87	3.62	3.75	3.17	4.16	4.39	4.67	4.85	3.93	3.75	3.75	4.58	3.99	3.55	3.58	3.58	3.62	4.81	5.63	4.94	3.91	3.93	4.82	5.0	4.61	4.46	3.63	4.33	4.12	4.75	3.86	3.78	3.78	4.0	3.77	3.78	3.87	4.08	4.07	4.18	4.16	4.23	4.35	4.34	4.24	4.33	4.4	4.3	3.84	3.67	3.99	4.09	3.37	3.64	3.97	4.01	3.64	3.52	0.0	4.05	4.06	4.27	4.41	3.62	4.01	3.66	3.61	4.84	5.01	3.98	3.89	3.38	3.41	3.5	3.37	4.11	4.23	3.94	4.06	3.91	3.91	3.79	3.89	3.89	3.79	3.69	4.01	4.01	3.94	3.65	3.96	3.97	4.51	4.56	4.52	4.04	4.02	3.79	4.09	4.01	3.94	4.07	3.8	4.01	3.75	3.64	3.65	3.85	3.8	4.0	4.55	4.54	4.4	4.17	4.36	4.15	3.65	4.37
6WJ5_A.TRPA1	3.6	3.66	3.71	3.5	3.66	2.73	3.81	3.51	3.35	3.58	3.18	3.71	3.71	3.71	3.15	3.71	2.66	2.8	3.7	3.94	5.85	4.01	4.08	3.44	4.03	4.02	3.91	4.25	3.7	4.78	3.52	3.67	3.77	3.7	3.7	3.51	3.35	3.41	3.39	4.52	3.95	3.5	3.61	3.62	4.5	4.48	4.56	3.89	0.95	4.68	3.85	3.75	4.05	3.99	2.8	2.81	3.66	3.77	3.88	3.82	4.05	0.0	3.71	0.52	4.35	3.67	3.84	3.83	3.62	4.01	3.99	3.5	3.16	3.8	3.79	3.61	3.6	3.16	0.67	3.34	3.46	3.74	3.77	3.68	3.55	3.67	3.66	3.53	3.83	3.84	3.8	3.69	3.71	3.78	4.16	4.04	3.68	3.99	3.96	3.8	3.8	3.83	3.73	3.77	3.56	3.79	3.8	3.71	3.58	3.45	3.46	3.56	3.49	3.34	3.53	3.55	3.69	3.83	3.58	3.87
6WKN_A.TRPV2	1.98	1.95	1.27	2.43	1.92	2.52	2.91	3.31	3.5	3.43	2.97	2.63	2.63	3.01	3.19	3.61	2.75	2.75	2.53	3.8	5.27	3.33	2.6	2.29	3.02	3.19	3.11	2.98	2.99	4.43	2.11	3.37	2.51	2.68	2.8	1.98	1.96	1.84	1.78	3.98	2.72	2.15	2.14	2.15	3.66	3.53	3.41	2.67	3.87	3.8	2.67	2.98	2.86	2.98	2.64	2.57	0.87	1.41	2.89	3.17	4.06	3.71	0.0	3.69	3.2	2.52	2.51	2.48	2.56	4.02	4.05	3.49	2.96	3.08	3.02	2.91	3.28	3.08	3.72	2.4	2.14	2.09	2.11	2.03	1.85	1.9	1.82	2.18	1.9	1.96	1.87	2.1	2.04	2.02	3.09	2.9	3.32	2.19	2.25	2.83	2.16	2.01	2.09	2.09	1.02	2.06	2.12	2.19	2.22	2.36	2.29	2.15	3.43	3.25	3.51	2.31	2.19	2.37	2.52	2.89
6X2J_A.TRPA1	3.54	3.55	3.68	3.39	3.65	2.68	3.62	3.53	3.38	3.44	3.05	3.73	3.73	3.65	3.07	3.52	2.73	2.71	3.72	3.87	5.78	3.75	4.1	3.46	3.82	3.82	3.88	4.0	3.8	4.46	3.52	3.67	3.78	3.72	3.72	3.31	3.38	3.4	3.33	4.48	3.94	3.52	3.62	3.57	4.43	4.49	4.44	3.81	0.84	4.64	3.75	3.66	3.95	3.91	2.78	2.8	3.55	3.66	4.08	3.87	4.27	0.52	3.69	0.0	4.24	3.69	3.83	3.77	3.65	3.99	3.99	3.49	3.54	4.1	3.97	3.77	3.81	2.99	0.66	3.37	3.48	3.72	3.72	3.68	3.52	3.71	3.6	3.5	3.81	3.78	3.78	3.68	3.71	3.74	4.02	3.94	3.6	3.7	3.62	3.58	3.81	3.76	3.73	3.83	3.53	3.73	3.76	3.66	3.57	3.26	3.29	3.39	3.47	3.28	3.5	3.38	3.56	3.67	3.61	3.67
7AA5_A.TRPV4	3.18	3.13	3.18	3.4	3.08	3.77	3.63	4.27	3.99	3.82	3.93	3.95	4.05	3.53	3.99	3.81	3.83	3.82	3.85	4.27	4.34	3.57	3.32	3.69	3.62	3.75	3.54	3.67	3.91	3.8	3.28	3.91	3.91	4.04	4.03	3.17	3.21	3.11	3.1	4.45	3.12	3.32	3.6	3.62	3.66	3.67	3.76	3.19	4.16	3.68	3.08	2.98	3.28	3.3	3.82	3.78	3.08	3.19	4.07	4.28	4.41	4.35	3.2	4.24	0.0	3.94	3.85	3.98	3.81	4.3	4.4	4.29	3.88	3.99	3.98	4.18	4.28	3.53	4.3	3.54	3.58	3.26	3.11	3.18	3.14	3.04	3.18	3.09	3.12	2.9	2.99	3.08	3.16	3.18	3.43	3.16	3.96	3.13	3.13	3.1	3.24	3.08	3.05	3.22	2.83	2.99	2.77	3.08	3.06	3.62	3.69	3.68	4.17	4.08	4.38	3.69	3.63	3.09	3.84	3.14
7B0J_A.TRPC4	2.31	2.2	2.64	2.42	2.24	3.52	2.97	3.91	4.22	4.19	4.02	0.98	0.8	3.11	3.63	3.81	3.4	3.39	0.68	4.38	5.98	3.62	2.78	2.72	3.35	3.43	3.28	3.28	2.49	4.65	2.7	4.16	0.78	0.9	0.81	2.69	2.63	2.6	2.61	4.28	2.91	2.86	2.69	2.7	3.67	3.57	3.36	3.06	3.78	3.86	2.95	2.83	3.13	3.39	3.08	3.16	2.61	2.56	2.23	2.33	3.62	3.67	2.52	3.69	3.94	0.0	0.98	0.68	0.8	4.69	4.83	3.96	3.42	2.27	2.44	2.08	2.26	3.51	3.64	2.75	2.6	2.25	2.38	2.15	2.22	2.22	2.17	2.4	2.38	2.47	2.34	2.34	2.74	2.63	3.36	3.26	4.1	3.03	2.88	2.9	2.41	2.24	2.27	2.29	2.58	2.46	2.52	2.48	2.61	2.69	2.68	2.66	4.07	3.94	4.03	2.73	2.77	2.81	0.8	3.36
7B16_A.TRPC4	2.5	2.39	2.57	2.57	2.39	3.62	2.89	3.83	4.07	4.01	3.84	1.17	1.17	3.11	3.4	3.91	3.34	3.33	1.13	4.28	5.48	3.57	2.96	2.86	3.49	3.48	3.16	3.19	2.24	4.54	2.68	3.94	0.88	1.12	1.13	2.72	2.68	2.65	2.79	4.23	2.8	2.75	2.8	2.77	3.82	3.75	3.61	3.05	3.81	3.75	2.9	3.07	3.0	3.26	3.3	3.32	2.47	2.67	2.08	2.17	4.01	3.84	2.51	3.83	3.85	0.98	0.0	1.02	1.13	4.49	4.57	3.64	3.23	2.24	2.38	2.03	2.34	3.37	3.86	2.84	2.74	2.44	2.56	2.37	2.22	2.22	2.18	2.54	2.38	2.52	2.39	2.57	2.87	2.59	3.42	3.45	3.82	2.92	2.79	2.87	2.6	2.37	2.41	2.44	2.55	2.47	2.55	2.61	2.75	2.79	2.9	2.74	3.92	3.81	3.99	2.84	2.83	2.73	1.12	3.35
7B1G_B.TRPC4	2.27	2.23	2.62	2.54	2.32	3.58	3.11	3.95	4.3	4.21	4.06	1.03	1.03	3.07	3.64	3.97	3.47	3.46	0.87	4.43	5.54	3.65	2.78	2.86	3.49	3.55	3.38	3.29	2.53	4.73	2.72	4.12	0.83	1.03	1.05	2.74	2.69	2.75	2.75	4.3	3.04	2.81	2.76	2.75	3.59	3.49	3.3	3.07	3.86	3.92	3.04	2.9	3.12	3.45	3.17	3.23	2.51	2.72	2.26	2.39	3.66	3.83	2.48	3.77	3.98	0.68	1.02	0.0	1.02	4.71	4.8	4.18	3.59	2.35	2.46	2.26	2.47	3.6	3.79	2.86	2.68	2.32	2.4	2.23	2.29	2.3	2.26	2.53	2.44	2.53	2.41	2.42	2.78	2.69	3.39	3.24	4.11	3.09	2.91	3.06	2.49	2.31	2.34	2.38	2.53	2.52	2.63	2.6	2.71	2.79	2.78	2.72	4.11	4.1	4.11	2.82	2.85	2.86	1.03	3.38
7D4P_A.TRPC5	2.24	2.23	2.55	2.49	2.22	2.89	3.01	3.78	4.09	4.02	3.7	1.09	1.09	3.03	3.35	3.59	3.19	3.17	0.74	4.26	5.67	3.57	2.79	2.76	3.28	3.31	3.18	3.06	2.17	4.61	2.7	3.94	0.97	1.1	1.1	2.76	2.5	2.62	2.67	4.26	3.02	2.75	2.69	2.71	3.76	3.71	3.48	3.07	3.68	3.75	2.94	2.82	3.07	3.42	3.16	2.92	2.51	2.65	2.04	2.01	3.61	3.62	2.56	3.65	3.81	0.8	1.13	1.02	0.0	4.37	4.48	3.65	3.23	1.98	2.26	1.89	2.04	3.31	3.64	2.69	2.56	2.34	2.47	2.22	2.2	2.22	2.15	2.52	2.27	2.37	2.23	2.35	2.82	2.61	3.14	3.07	3.85	2.93	2.68	2.88	2.54	2.36	2.38	2.46	2.52	2.39	2.45	2.47	2.56	2.68	2.77	2.56	3.93	3.79	3.91	2.74	2.75	2.72	0.16	3.29
7D7E_A.PKD1L3	4.32	4.26	4.1	4.51	4.16	3.93	4.46	4.65	3.81	3.78	3.42	4.59	4.59	4.25	3.86	4.17	3.78	3.73	4.44	4.15	5.64	3.84	4.18	4.25	4.07	4.04	4.21	3.92	4.49	4.73	4.2	3.99	4.55	4.61	4.62	3.88	3.91	3.92	4.05	4.51	4.62	4.1	4.25	4.31	5.4	5.28	5.33	3.88	3.72	4.21	4.54	4.47	4.38	4.49	3.84	3.82	3.98	4.03	4.67	4.49	4.84	4.01	4.02	3.99	4.3	4.69	4.49	4.71	4.37	0.0	1.21	3.27	3.47	4.37	4.7	4.39	4.34	4.07	4.01	4.21	4.31	4.33	4.56	4.23	4.03	4.02	4.08	4.38	4.18	4.26	4.17	4.49	4.35	4.31	4.08	3.77	3.87	3.94	4.01	4.09	4.41	4.29	4.26	4.21	4.14	4.23	4.28	4.29	4.39	4.33	4.4	4.32	4.53	3.98	4.64	4.37	4.17	3.81	4.36	3.88
7D7F_A.PKD1L3	4.51	4.47	4.21	4.53	4.36	3.98	4.69	4.61	3.93	3.85	3.33	4.7	4.68	4.42	3.94	4.24	3.78	3.78	4.59	4.01	4.81	4.02	4.24	4.32	4.25	4.19	4.5	4.24	4.49	4.65	4.29	4.02	4.74	4.73	4.74	3.9	4.09	4.12	4.22	4.64	4.51	4.16	4.35	4.44	5.3	5.04	5.19	4.0	3.97	4.35	4.56	4.61	4.63	4.85	3.99	3.92	4.17	4.25	4.71	4.59	5.01	3.99	4.05	3.99	4.4	4.83	4.57	4.8	4.48	1.21	0.0	3.11	3.52	4.5	4.76	4.32	4.63	4.17	4.09	4.29	4.35	4.54	4.65	4.44	4.32	4.28	4.24	4.5	4.34	4.47	4.33	4.82	4.61	4.5	4.19	4.12	3.97	4.0	4.04	4.26	4.63	4.48	4.61	4.43	4.05	4.51	4.42	4.52	4.5	4.44	4.47	4.33	4.74	4.11	4.8	4.51	4.45	4.07	4.42	3.97
7D7F_B.PKD2L1	3.76	3.9	3.33	3.92	3.67	2.02	4.22	4.67	4.43	4.14	0.76	3.92	3.92	3.84	2.82	3.5	2.07	2.05	3.75	4.01	5.35	3.87	4.03	3.82	4.09	3.78	3.79	3.65	3.86	4.37	3.48	4.31	4.04	3.82	3.94	3.54	3.34	3.21	3.37	4.78	3.73	3.44	3.77	3.87	4.62	4.61	4.38	3.51	3.23	4.52	3.98	4.12	4.08	4.17	2.23	2.15	3.25	3.05	4.14	3.91	3.98	3.5	3.49	3.49	4.29	3.96	3.64	4.18	3.65	3.27	3.11	0.0	1.49	3.98	4.22	3.77	3.79	4.3	3.55	3.62	3.75	3.92	4.13	3.82	3.35	3.44	3.32	3.79	3.63	3.66	3.63	4.18	3.97	3.97	3.69	4.26	3.99	3.77	3.51	3.69	4.14	4.0	4.07	3.98	3.45	3.97	3.85	4.0	3.88	3.8	3.88	3.71	4.71	4.49	4.71	3.92	3.82	3.56	3.65	3.46
7D7F_D.PKD2L1	3.18	3.31	2.72	3.28	3.28	1.86	3.57	4.33	4.3	4.3	1.22	3.48	3.33	3.51	2.49	3.54	1.99	1.98	3.26	4.11	6.61	3.26	3.54	3.23	3.39	3.32	3.5	3.25	3.48	4.49	3.05	4.26	3.45	3.31	3.33	3.06	2.72	2.7	2.76	4.2	3.5	3.09	3.29	3.19	4.21	4.13	4.04	3.25	2.99	4.25	3.23	3.36	3.63	3.46	2.09	1.96	2.61	2.46	3.71	3.56	3.89	3.16	2.96	3.54	3.88	3.42	3.23	3.59	3.23	3.47	3.52	1.49	0.0	3.56	3.96	3.31	3.38	4.04	3.6	3.23	3.17	3.48	3.58	3.38	2.88	3.11	2.76	3.29	3.27	3.2	3.2	3.54	3.47	3.46	3.37	3.41	4.14	3.19	3.12	3.28	3.53	3.37	3.46	3.34	2.91	3.35	3.49	3.5	3.5	3.2	3.23	3.17	4.43	4.16	4.46	3.25	3.13	3.49	3.22	3.26
7DXB_A.TRPC3	2.98	3.0	2.84	3.11	2.94	3.32	3.35	4.45	4.21	4.23	3.82	2.01	2.01	3.38	3.8	3.9	3.49	3.47	1.91	4.64	5.68	3.71	3.27	3.32	3.56	3.66	3.49	3.87	1.23	4.52	3.42	4.31	2.17	1.96	1.95	2.99	2.84	2.89	2.99	4.53	3.18	3.45	3.41	3.46	3.73	3.63	3.51	3.44	3.75	4.19	3.14	2.98	3.27	3.19	3.3	3.34	3.12	3.13	1.29	1.03	3.38	3.8	3.08	4.1	3.99	2.27	2.24	2.35	1.98	4.37	4.5	3.98	3.56	0.0	1.14	0.99	0.87	3.83	4.0	3.4	3.22	2.93	2.95	2.93	2.92	2.97	2.78	3.04	2.98	3.14	2.97	3.02	3.15	3.38	3.58	3.52	4.1	3.3	3.21	3.26	3.03	3.1	3.13	3.02	2.81	3.18	3.3	3.12	3.18	3.31	3.33	3.19	4.45	4.09	4.36	3.46	3.43	3.26	1.91	3.57
7DXC_A.TRPC3	2.92	2.77	2.94	2.85	2.95	3.44	3.58	4.65	4.62	4.33	4.05	2.17	2.17	3.52	3.89	3.99	3.62	3.61	2.17	4.83	5.57	3.73	3.2	3.26	3.6	3.71	3.53	3.92	1.11	4.64	3.48	4.59	2.32	2.13	2.13	2.97	2.78	2.93	3.02	4.52	3.11	3.47	3.44	3.42	3.63	3.49	3.47	3.52	3.82	4.31	3.24	3.26	3.38	3.42	3.4	3.51	3.23	3.26	1.14	1.22	3.41	3.79	3.02	3.97	3.98	2.44	2.38	2.46	2.26	4.7	4.76	4.22	3.96	1.14	0.0	1.24	1.22	4.0	3.81	3.26	3.2	2.96	3.05	2.9	2.82	2.93	2.76	2.93	2.94	2.95	2.93	2.85	3.12	3.17	3.59	3.65	4.46	3.27	3.19	3.19	2.99	3.01	2.99	3.04	3.02	3.05	3.0	2.84	2.91	3.25	3.25	3.12	4.46	4.49	4.45	3.38	3.47	3.24	2.24	3.56
7DXF_A.TRPC6	2.74	2.63	2.94	2.81	2.71	3.01	3.14	3.85	3.89	3.87	3.88	1.79	1.79	3.24	3.45	3.93	3.18	3.17	1.8	4.22	5.62	3.54	3.2	2.88	3.39	3.39	3.23	3.4	1.31	4.55	2.92	3.89	2.03	1.73	1.77	2.87	2.72	2.73	2.87	4.33	3.0	2.99	3.03	2.96	3.67	3.59	3.49	3.18	3.64	3.91	3.03	2.89	3.19	3.28	3.0	3.06	2.9	3.11	1.07	1.03	3.5	3.61	2.91	3.77	4.18	2.08	2.03	2.26	1.89	4.39	4.32	3.77	3.31	0.99	1.24	0.0	0.96	3.47	3.73	2.92	2.86	2.73	2.88	2.7	2.61	2.64	2.56	2.81	2.75	2.84	2.75	2.87	2.98	3.04	3.34	3.2	3.74	3.12	3.08	3.06	2.96	2.79	2.81	2.85	2.77	2.89	2.94	2.89	2.96	2.89	2.9	2.77	4.13	3.8	4.1	2.94	3.0	3.03	1.74	3.29
7DXG_A.TRPC6	3.12	2.87	3.19	3.01	2.92	3.33	3.3	4.11	4.35	4.28	3.81	2.05	2.05	3.32	3.74	3.8	3.44	3.43	1.96	4.56	5.74	3.8	3.4	3.23	3.59	3.66	3.43	3.7	1.29	4.55	3.27	4.22	2.27	2.0	2.0	3.14	2.91	3.0	2.97	4.7	3.32	3.34	3.29	3.35	3.8	3.69	3.54	3.49	3.81	4.2	3.24	3.11	3.48	3.61	3.21	3.38	3.19	3.26	1.19	0.62	3.37	3.6	3.28	3.81	4.28	2.26	2.34	2.47	2.04	4.34	4.63	3.79	3.38	0.87	1.22	0.96	0.0	3.9	3.8	3.28	3.03	2.95	3.08	2.89	2.82	2.85	2.72	3.06	2.97	3.03	2.97	2.89	3.12	3.29	3.61	3.64	4.08	3.37	3.47	3.33	3.09	3.13	3.12	3.02	2.99	3.14	3.14	3.05	3.15	3.1	3.32	3.05	4.37	4.17	4.3	3.24	3.29	3.35	1.93	3.46
7DYS_A.TRPML2	3.33	3.32	2.83	3.0	3.23	4.58	3.4	2.26	1.75	1.68	4.11	3.27	3.27	3.36	4.33	4.95	4.3	4.37	3.54	2.0	4.78	3.53	3.38	3.26	3.51	3.41	3.43	3.43	3.71	4.44	3.69	2.02	3.59	3.38	3.23	2.86	2.85	2.73	2.83	3.69	3.27	3.58	3.57	3.63	4.12	3.97	3.96	3.33	3.19	3.49	2.73	2.73	2.78	2.98	4.68	4.62	2.79	2.91	3.85	3.75	4.11	3.16	3.08	2.99	3.53	3.51	3.37	3.6	3.31	4.07	4.17	4.3	4.04	3.83	4.0	3.47	3.9	0.0	2.94	3.75	3.5	3.24	3.1	3.3	3.08	3.21	2.97	2.96	3.22	3.23	3.14	3.09	3.67	3.29	3.7	3.18	1.68	2.96	2.92	2.95	3.22	3.2	3.01	3.22	2.99	3.0	2.92	3.03	3.16	3.45	3.25	3.64	2.13	1.81	2.24	3.23	3.69	2.92	3.3	3.66
7JUP_A.TRPA1	3.61	3.77	3.73	3.53	3.68	2.7	3.74	3.53	3.41	3.4	3.14	3.67	3.67	3.8	3.07	3.52	2.76	2.78	3.66	4.02	5.6	3.93	4.14	3.46	4.02	3.99	4.22	4.18	3.7	4.57	3.71	3.57	3.72	3.66	3.71	3.47	3.39	3.38	3.41	4.65	3.92	3.56	3.62	3.65	4.41	4.45	4.46	3.88	0.83	4.56	3.68	3.77	3.87	3.93	2.77	2.8	3.6	3.78	4.08	3.81	4.23	0.67	3.72	0.66	4.3	3.64	3.86	3.79	3.64	4.01	4.09	3.55	3.6	4.0	3.81	3.73	3.8	2.94	0.0	3.48	3.51	3.77	3.86	3.73	3.59	3.73	3.56	3.51	3.79	3.79	3.83	3.63	3.82	3.81	4.24	4.17	3.61	3.87	3.64	3.69	3.9	3.82	3.83	3.87	3.48	3.75	3.75	3.74	3.59	3.49	3.48	3.6	3.26	3.45	3.59	3.59	3.61	3.7	3.6	3.85
7K4A_A.TRPV6	2.3	2.36	2.27	2.03	2.32	2.77	3.15	3.83	4.04	4.03	3.26	2.86	2.86	2.92	3.21	3.65	2.85	2.84	2.65	4.22	5.48	3.45	2.76	0.79	3.22	3.37	2.98	3.05	3.34	3.87	1.29	4.16	2.75	2.71	2.72	2.24	2.29	2.34	2.41	4.02	2.9	1.49	1.47	1.38	3.78	3.81	3.75	2.75	3.4	4.12	2.68	2.76	2.75	2.96	2.79	2.8	2.14	2.39	3.26	3.35	3.94	3.34	2.4	3.37	3.54	2.75	2.84	2.86	2.69	4.21	4.29	3.62	3.23	3.4	3.26	2.92	3.28	3.75	3.48	0.0	0.94	2.44	2.43	2.4	2.02	2.24	2.09	1.98	2.31	2.26	2.26	2.18	2.58	2.44	3.0	2.82	3.98	2.89	2.65	2.77	2.52	2.25	2.37	2.44	2.32	2.26	2.23	2.27	1.89	0.66	0.85	1.02	4.0	3.91	4.03	1.06	1.34	2.78	2.65	3.08
7K4B_A.TRPV6	1.98	2.12	2.11	2.09	2.1	2.9	3.03	3.89	4.17	4.13	3.28	2.69	2.69	2.76	3.29	3.65	2.94	2.93	2.5	4.19	5.5	3.23	2.62	1.02	3.01	3.19	2.83	2.93	3.29	4.51	1.06	4.21	2.59	2.59	2.6	2.18	2.14	2.19	2.18	3.77	2.83	1.32	1.14	0.96	3.78	3.72	3.67	2.66	3.49	3.97	2.69	2.82	2.77	3.16	2.84	2.75	1.97	2.28	3.16	3.24	4.06	3.46	2.14	3.48	3.58	2.6	2.74	2.68	2.56	4.31	4.35	3.75	3.17	3.22	3.2	2.86	3.03	3.5	3.51	0.94	0.0	2.21	2.2	2.17	1.85	2.08	1.91	2.01	2.14	2.02	2.08	2.04	2.4	2.34	2.9	2.86	4.05	2.85	2.67	2.91	2.25	2.03	2.18	2.2	2.17	2.1	2.19	2.17	2.01	0.86	1.0	0.75	4.11	4.09	4.16	0.99	0.91	2.89	2.52	2.91
7L2H_A.TRPV1	1.15	1.15	2.4	1.98	0.86	3.0	2.89	3.79	3.95	3.94	3.57	2.34	2.34	2.81	3.48	3.8	3.06	3.06	2.19	4.4	5.59	3.42	2.42	2.41	3.01	3.06	2.87	3.2	3.0	4.61	2.36	4.0	2.32	2.28	2.28	1.83	1.94	1.83	1.86	3.98	2.72	2.38	2.13	2.27	3.65	3.49	3.34	2.79	3.73	4.02	2.74	2.95	2.94	2.99	2.94	2.89	2.12	2.46	2.87	3.02	3.91	3.74	2.09	3.72	3.26	2.25	2.44	2.32	2.34	4.33	4.54	3.92	3.48	2.93	2.96	2.73	2.95	3.24	3.77	2.44	2.21	0.0	1.33	0.5	1.34	0.94	1.47	1.84	1.01	1.35	1.16	1.25	0.83	1.24	2.98	2.96	4.0	2.48	2.3	2.79	1.28	0.74	1.11	1.09	2.27	1.28	1.6	1.65	1.94	2.33	2.29	2.31	4.06	3.75	4.12	2.36	2.3	2.66	2.32	2.84
7L2N_A.TRPV1	1.35	1.45	2.19	1.5	1.32	3.04	2.93	3.77	3.92	4.07	3.68	2.42	2.42	3.14	3.44	3.86	3.12	3.11	2.33	4.2	5.5	3.35	2.4	2.28	3.16	3.24	3.08	3.33	3.1	4.59	2.49	4.04	2.43	2.35	2.35	2.07	2.01	2.04	2.01	4.11	3.01	2.46	2.16	2.31	3.73	3.59	3.48	2.92	3.84	4.03	2.77	2.91	2.91	2.98	2.96	2.96	2.07	2.39	2.9	3.12	3.91	3.77	2.11	3.72	3.11	2.38	2.56	2.4	2.47	4.56	4.65	4.13	3.58	2.95	3.05	2.88	3.08	3.1	3.86	2.43	2.2	1.33	0.0	1.27	1.78	1.62	1.77	1.43	1.47	1.32	1.46	1.05	1.36	1.32	3.29	3.04	4.04	2.6	2.41	2.73	0.78	1.18	0.82	1.25	2.18	1.37	1.39	1.18	1.62	2.36	2.04	2.33	3.96	3.92	4.02	2.27	2.33	2.81	2.45	3.03
7L2P_A.TRPV1	1.05	1.09	2.35	1.93	0.71	2.85	2.76	3.73	3.94	3.9	3.43	2.26	2.26	2.81	3.4	4.1	2.93	2.94	2.07	4.34	5.64	3.38	2.41	2.34	3.03	3.07	2.93	3.08	2.96	4.66	2.34	3.95	2.23	2.2	2.2	1.81	1.84	1.76	1.83	3.96	2.88	2.38	2.18	2.26	3.64	3.59	3.31	2.72	3.66	3.97	2.72	2.9	2.86	3.06	2.78	2.74	2.07	2.42	2.84	2.97	3.79	3.68	2.03	3.68	3.18	2.15	2.37	2.23	2.22	4.23	4.44	3.85	3.38	2.93	2.9	2.7	2.89	3.3	3.73	2.4	2.17	0.5	1.27	0.0	1.22	0.85	1.35	1.85	1.01	1.24	0.98	1.25	0.83	1.26	2.87	2.85	3.97	2.48	2.3	2.77	1.38	0.68	1.08	1.02	2.19	1.25	1.49	1.57	1.95	2.4	2.24	2.27	3.98	3.84	4.04	2.29	2.24	2.64	2.19	2.79
7L2R_A.TRPV1	1.5	1.53	2.18	1.8	1.22	2.66	2.82	3.61	3.58	3.59	2.96	2.3	2.3	2.78	3.13	3.7	2.77	2.77	2.13	4.18	5.58	3.32	2.69	2.1	3.03	3.05	2.82	2.89	2.72	4.47	1.84	3.76	2.24	2.24	2.24	1.64	1.71	1.61	1.71	3.96	2.7	1.88	1.99	1.98	3.63	3.54	3.31	2.77	3.58	3.79	2.62	2.95	2.78	3.0	2.81	2.6	1.94	2.22	2.69	2.85	3.89	3.55	1.85	3.52	3.14	2.22	2.22	2.29	2.2	4.03	4.32	3.35	2.88	2.92	2.82	2.61	2.82	3.08	3.59	2.02	1.85	1.34	1.78	1.22	0.0	0.91	0.63	1.53	1.19	1.35	1.21	1.61	1.51	1.43	2.91	2.88	3.65	2.18	1.99	2.43	1.75	1.18	1.41	1.4	2.03	1.32	1.48	1.71	1.8	2.17	2.04	2.05	3.85	3.74	3.91	2.13	2.05	2.42	2.19	2.74
7L2S_A.TRPV1	1.2	1.36	2.26	2.08	0.97	2.77	2.73	3.7	3.74	3.65	3.06	2.29	2.29	2.78	3.19	3.78	2.76	2.77	2.16	4.26	5.57	3.14	2.64	2.32	2.98	3.08	2.85	2.86	2.78	4.27	2.2	3.83	2.25	2.22	2.22	1.67	1.77	1.64	1.74	3.96	2.74	2.11	2.18	2.17	3.63	3.52	3.32	2.7	3.75	3.76	2.66	3.0	2.82	3.07	2.86	2.68	1.99	2.35	2.7	2.89	3.89	3.67	1.9	3.71	3.04	2.22	2.22	2.3	2.22	4.02	4.28	3.44	3.11	2.97	2.93	2.64	2.85	3.21	3.73	2.24	2.08	0.94	1.62	0.85	0.91	0.0	1.07	1.74	0.86	1.14	0.88	1.48	1.1	1.31	2.86	2.82	3.68	2.21	2.03	2.52	1.58	0.85	1.2	1.18	2.13	1.12	1.38	1.61	1.98	2.37	2.25	2.24	3.89	3.55	3.95	2.33	2.23	2.47	2.22	2.69
7L2T_A.TRPV1	1.57	1.6	2.09	1.9	1.27	2.76	2.83	3.63	3.64	3.65	2.86	2.27	2.27	2.81	3.22	3.76	2.84	2.85	2.11	4.2	5.63	3.28	2.72	2.15	3.1	3.06	2.8	3.01	2.64	4.33	1.9	3.78	2.22	2.21	2.21	1.72	1.61	1.58	1.62	4.01	2.69	1.95	2.07	2.06	3.67	3.51	3.32	2.82	3.57	3.78	2.61	2.8	2.78	2.91	2.84	2.81	1.81	2.0	2.67	2.77	3.79	3.66	1.82	3.6	3.18	2.17	2.18	2.26	2.15	4.08	4.24	3.32	2.76	2.78	2.76	2.56	2.72	2.97	3.56	2.09	1.91	1.47	1.77	1.35	0.63	1.07	0.0	1.55	1.29	1.45	1.3	1.64	1.59	1.53	2.96	2.9	3.67	2.2	2.01	2.43	1.65	1.37	1.5	1.31	1.9	1.42	1.57	1.75	1.83	2.21	2.1	2.06	3.97	3.66	3.93	2.19	2.13	2.44	2.17	2.75
7L2W_A.TRPV1	1.81	1.96	2.2	1.05	1.74	2.83	3.08	3.48	3.69	3.68	3.27	2.47	2.47	3.08	3.07	3.53	2.89	2.9	2.45	3.99	5.55	3.43	2.73	2.0	3.52	3.61	3.21	3.43	3.0	4.1	2.28	3.79	2.55	2.42	2.42	2.0	2.06	1.93	2.04	4.26	2.92	2.17	2.2	2.21	3.74	3.78	3.45	3.05	3.69	4.22	2.54	3.04	2.66	3.21	2.93	2.94	2.13	2.38	2.88	3.06	3.69	3.53	2.18	3.5	3.09	2.4	2.54	2.53	2.52	4.38	4.5	3.79	3.29	3.04	2.93	2.81	3.06	2.96	3.51	1.98	2.01	1.84	1.43	1.85	1.53	1.74	1.55	0.0	1.78	1.57	1.79	1.46	1.91	1.57	3.45	3.05	3.7	2.42	2.23	2.28	1.69	1.6	1.31	1.77	2.13	1.63	1.35	1.33	1.02	2.22	1.9	2.23	3.66	3.52	3.72	2.07	2.27	2.73	2.5	3.11
7LP9_A.TRPV1	1.17	1.3	2.21	1.81	0.7	2.9	2.77	3.73	3.74	3.79	3.23	2.45	2.45	2.74	3.28	3.95	2.9	2.9	2.2	4.26	5.5	3.45	2.6	2.35	3.08	3.18	2.79	3.02	2.85	4.52	2.31	3.91	2.36	2.39	2.39	1.68	1.72	1.59	1.67	3.99	2.72	2.33	2.15	2.22	3.48	3.48	3.31	2.82	3.86	4.0	2.6	2.9	2.82	3.08	2.95	2.81	1.97	2.32	2.82	2.97	4.01	3.83	1.9	3.81	3.12	2.38	2.38	2.44	2.27	4.18	4.34	3.63	3.27	2.98	2.94	2.75	2.97	3.22	3.79	2.31	2.14	1.01	1.47	1.01	1.19	0.86	1.29	1.78	0.0	0.73	0.25	1.12	0.84	1.05	3.21	3.05	3.87	2.23	2.04	2.49	1.44	1.04	1.25	1.31	2.09	0.85	1.1	1.23	1.75	2.38	2.26	2.26	3.93	3.76	3.99	2.28	2.19	2.43	2.29	2.8
7LPA_A.TRPV1	1.25	1.29	2.23	1.66	0.97	2.85	2.77	3.71	3.77	3.78	3.19	2.54	2.54	2.99	3.44	3.67	2.87	2.87	2.33	4.17	5.6	3.31	2.52	2.26	3.17	3.28	3.01	3.24	3.0	4.48	2.23	3.93	2.5	2.49	2.49	1.58	1.67	1.62	1.6	4.25	2.88	2.18	2.17	2.16	3.68	3.63	3.46	2.86	3.8	4.04	2.59	2.98	2.79	3.16	2.9	2.85	2.01	2.33	2.97	3.1	4.01	3.84	1.96	3.78	2.9	2.47	2.52	2.53	2.37	4.26	4.47	3.66	3.2	3.14	2.95	2.84	3.03	3.23	3.79	2.26	2.02	1.35	1.32	1.24	1.35	1.14	1.45	1.57	0.73	0.0	0.76	0.9	1.06	0.76	3.28	3.11	3.79	2.13	1.93	2.42	1.32	1.08	1.11	1.28	2.13	0.52	0.8	0.94	1.52	2.4	2.17	2.28	3.93	3.58	3.99	2.37	2.34	2.39	2.35	2.82
7LPC_A.TRPV1	1.17	1.27	2.21	1.82	0.68	2.87	2.76	3.68	3.73	3.82	3.3	2.41	2.41	2.99	3.38	3.67	2.87	2.87	2.14	4.21	5.58	3.35	2.59	2.28	3.07	3.18	3.09	3.05	2.86	4.53	2.26	3.88	2.34	2.35	2.35	1.62	1.68	1.53	1.62	4.05	2.75	2.17	2.15	2.15	3.6	3.48	3.34	2.73	3.89	3.89	2.61	2.87	2.83	3.05	2.92	2.78	1.94	2.29	2.83	2.98	3.94	3.8	1.87	3.78	2.99	2.34	2.39	2.41	2.23	4.17	4.33	3.63	3.2	2.97	2.93	2.75	2.97	3.14	3.83	2.26	2.08	1.16	1.46	0.98	1.21	0.88	1.3	1.79	0.25	0.76	0.0	1.11	0.79	1.06	3.13	2.92	3.67	2.17	1.99	2.46	1.43	1.04	1.25	1.3	2.07	0.77	1.09	1.24	1.76	2.31	2.18	2.2	3.89	3.57	3.96	2.21	2.19	2.45	2.24	2.8
7LPD_A.TRPV1	1.35	1.31	2.29	1.34	1.08	2.8	2.78	3.77	4.22	3.96	3.6	2.44	2.44	3.06	3.28	3.95	3.01	3.01	2.24	4.33	5.41	3.41	2.47	2.09	3.23	3.31	3.05	3.32	3.03	4.62	2.44	3.99	2.38	2.39	2.38	1.76	1.71	1.72	1.71	4.25	2.98	2.33	2.12	2.15	3.63	3.39	3.36	2.9	3.8	4.09	2.57	2.84	2.75	2.76	2.87	2.78	2.09	2.45	2.94	3.12	3.65	3.69	2.1	3.68	3.08	2.34	2.57	2.42	2.35	4.49	4.82	4.18	3.54	3.02	2.85	2.87	2.89	3.09	3.63	2.18	2.04	1.25	1.05	1.25	1.61	1.48	1.64	1.46	1.12	0.9	1.11	0.0	1.08	1.05	3.27	3.24	4.05	2.36	2.24	2.51	1.16	1.19	1.02	1.29	2.15	1.06	0.99	0.91	1.36	2.29	1.97	2.2	3.99	3.87	4.05	2.2	2.21	2.62	2.32	2.98
7LQY_A.TRPV1	1.04	1.09	2.29	1.87	0.72	2.98	2.87	3.76	3.93	3.95	3.73	2.71	2.71	2.82	3.46	3.89	3.13	3.12	2.77	4.36	5.43	3.48	2.42	2.58	3.01	3.16	3.03	3.36	3.1	4.69	2.53	4.09	2.59	2.73	2.73	2.06	1.89	2.03	2.02	4.02	2.75	2.54	2.32	2.44	3.59	3.43	3.3	2.81	3.9	4.08	2.72	2.9	3.09	3.1	2.91	2.98	2.02	2.39	3.08	3.17	3.96	3.71	2.04	3.71	3.16	2.74	2.87	2.78	2.82	4.35	4.61	3.97	3.47	3.15	3.12	2.98	3.12	3.67	3.82	2.58	2.4	0.83	1.36	0.83	1.51	1.1	1.59	1.91	0.84	1.06	0.79	1.08	0.0	1.04	3.15	3.05	4.07	2.57	2.41	2.88	1.36	0.94	1.33	1.29	2.17	1.14	1.37	1.38	1.85	2.6	2.38	2.5	4.03	3.91	4.08	2.53	2.48	2.6	2.88	3.0
7LQZ_A.TRPV1	1.31	1.3	2.28	1.77	1.06	3.04	2.79	3.79	3.83	3.85	3.56	2.7	2.7	2.88	3.51	3.65	3.11	3.12	2.55	4.23	5.58	3.51	2.71	2.42	3.11	3.19	3.03	3.33	3.12	4.6	2.38	4.04	2.56	2.66	2.58	1.77	1.77	1.81	1.74	4.08	2.84	2.42	2.45	2.43	3.68	3.73	3.51	2.98	3.88	3.86	2.69	3.06	2.94	3.19	3.1	3.08	2.1	2.45	3.14	3.24	3.97	3.78	2.02	3.74	3.18	2.63	2.59	2.69	2.61	4.31	4.5	3.97	3.46	3.38	3.17	3.04	3.29	3.29	3.81	2.44	2.34	1.24	1.32	1.26	1.43	1.31	1.53	1.57	1.05	0.76	1.06	1.05	1.04	0.0	3.19	3.1	3.93	2.26	2.05	2.58	1.3	0.9	1.09	1.27	2.19	0.81	0.95	1.08	1.58	2.47	2.32	2.41	4.05	4.0	4.12	2.51	2.47	2.37	2.6	2.97
7MBP_A.TRPM5	2.97	2.96	3.39	3.63	2.95	3.73	3.18	4.46	4.62	4.59	4.37	3.37	3.28	1.81	4.07	4.22	3.87	3.86	3.2	5.07	5.38	2.13	3.39	3.15	1.85	1.9	1.86	2.23	3.61	3.66	2.98	4.94	3.35	3.36	3.29	2.85	2.86	3.08	2.87	3.22	2.48	3.1	3.16	3.23	3.67	3.69	3.86	1.6	4.31	2.77	3.59	3.29	3.72	3.79	3.96	3.84	3.17	3.51	3.52	3.58	4.51	4.16	3.09	4.02	3.43	3.36	3.42	3.39	3.14	4.08	4.19	3.69	3.37	3.58	3.59	3.34	3.61	3.7	4.24	3.0	2.9	2.98	3.29	2.87	2.91	2.86	2.96	3.45	3.21	3.28	3.13	3.27	3.15	3.19	0.0	1.63	4.68	3.11	3.14	3.53	3.29	2.97	3.15	2.91	3.26	3.06	3.3	3.46	3.48	3.01	3.04	3.08	4.54	4.61	4.54	3.12	3.01	3.0	3.12	1.79
7MBQ_A.TRPM5	2.91	2.85	3.15	3.32	2.9	3.55	3.23	4.32	4.48	4.48	3.82	3.35	3.23	2.13	3.85	3.97	3.71	3.7	3.1	4.83	5.29	2.65	3.24	2.81	2.51	2.65	2.29	2.18	3.56	3.32	3.03	4.38	3.16	3.27	3.19	2.87	2.87	3.02	2.86	3.86	2.16	3.15	3.13	3.16	3.56	3.54	3.46	1.96	4.03	3.13	3.12	2.89	3.4	3.5	3.7	3.28	3.08	3.22	3.57	3.63	4.56	4.04	2.9	3.94	3.16	3.26	3.45	3.24	3.07	3.77	4.12	4.26	3.41	3.52	3.65	3.2	3.64	3.18	4.17	2.82	2.86	2.96	3.04	2.85	2.88	2.82	2.9	3.05	3.05	3.11	2.92	3.24	3.05	3.1	1.63	0.0	4.4	3.04	2.97	3.34	3.18	2.97	2.93	2.9	3.08	2.94	3.01	3.18	3.24	2.9	2.87	2.95	4.38	4.3	4.38	3.04	2.98	2.92	3.03	1.96
7MGL_A.TRPML1	3.78	4.19	3.25	3.76	3.89	4.28	4.14	1.98	1.12	1.31	4.32	3.94	3.94	4.0	4.1	4.82	4.03	4.07	4.03	1.98	5.1	4.34	4.49	4.04	4.54	4.36	4.03	4.42	4.11	5.18	4.2	1.26	4.01	3.94	3.95	3.34	3.29	3.21	3.24	4.76	3.95	3.99	4.23	4.31	4.57	4.71	4.41	3.94	3.55	4.8	3.45	3.71	3.68	3.85	4.41	4.33	3.3	3.3	4.18	4.09	4.52	3.68	3.32	3.6	3.96	4.1	3.82	4.11	3.85	3.87	3.97	3.99	4.14	4.1	4.46	3.74	4.08	1.68	3.61	3.98	4.05	4.0	4.04	3.97	3.65	3.68	3.67	3.7	3.87	3.79	3.67	4.05	4.07	3.93	4.68	4.4	0.0	3.49	3.54	3.37	4.1	3.86	3.87	3.97	3.41	3.72	3.85	3.95	3.8	4.35	4.07	4.42	2.23	1.04	2.29	4.37	4.28	3.6	3.84	4.05
7MIJ_A.TRPV3	2.49	2.51	2.59	2.63	2.32	3.47	3.16	3.86	3.66	3.6	3.75	3.06	3.06	2.84	3.48	3.72	3.11	3.09	2.98	4.12	5.49	3.28	3.21	3.01	3.26	3.2	2.92	3.2	3.01	4.08	2.85	3.52	3.02	3.07	3.07	1.08	1.49	1.51	1.64	3.92	2.58	2.69	2.94	2.91	3.62	3.67	3.57	2.7	3.98	3.83	2.58	2.81	2.77	3.22	3.38	3.38	2.22	2.61	3.02	3.22	4.04	3.99	2.19	3.7	3.13	3.03	2.92	3.09	2.93	3.94	4.0	3.77	3.19	3.3	3.27	3.12	3.37	2.96	3.87	2.89	2.85	2.48	2.6	2.48	2.18	2.21	2.2	2.42	2.23	2.13	2.17	2.36	2.57	2.26	3.11	3.04	3.49	0.0	0.75	1.87	2.63	2.35	2.38	2.45	2.43	2.11	2.16	2.37	2.35	3.23	3.06	3.11	3.76	3.62	3.77	3.08	3.05	1.27	2.89	2.78
7MIK_A.TRPV3	2.29	2.32	2.53	2.42	2.12	3.33	3.08	3.9	3.78	3.7	3.11	2.89	2.89	2.86	3.39	3.73	3.11	3.12	2.73	4.16	5.46	3.33	3.11	2.82	3.25	3.33	2.93	3.08	2.93	4.57	2.8	3.59	2.85	2.9	2.9	0.98	1.47	1.45	1.55	4.04	2.56	2.65	2.78	2.86	3.59	3.63	3.54	2.71	3.95	3.86	2.63	2.84	2.79	3.17	3.15	3.1	2.19	2.59	2.93	3.24	4.02	3.96	2.25	3.62	3.13	2.88	2.79	2.91	2.68	4.01	4.04	3.51	3.12	3.21	3.19	3.08	3.47	2.92	3.64	2.65	2.67	2.3	2.41	2.3	1.99	2.03	2.01	2.23	2.04	1.93	1.99	2.24	2.41	2.05	3.14	2.97	3.54	0.75	0.0	1.82	2.46	2.18	2.2	2.34	2.42	1.94	1.97	2.17	2.16	3.05	2.88	2.91	3.96	3.53	4.0	2.93	2.89	1.37	2.68	2.74
7MIO_A.TRPV3	2.64	2.73	2.76	2.4	2.6	3.07	3.28	3.52	3.5	3.62	3.02	2.92	2.92	3.11	3.28	3.76	3.04	3.04	2.93	3.86	5.5	3.66	3.27	2.92	3.62	3.75	3.19	3.36	3.04	4.31	2.91	3.46	2.95	2.94	2.94	1.97	1.88	1.86	1.97	4.75	2.86	2.66	2.87	2.95	3.71	3.88	3.64	3.23	3.6	4.17	2.51	2.77	2.77	3.09	3.12	3.09	2.73	2.92	2.99	3.17	3.79	3.8	2.83	3.58	3.1	2.9	2.87	3.06	2.88	4.09	4.26	3.69	3.28	3.26	3.19	3.06	3.33	2.95	3.69	2.77	2.91	2.79	2.73	2.77	2.43	2.52	2.43	2.28	2.49	2.42	2.46	2.51	2.88	2.58	3.53	3.34	3.37	1.87	1.82	0.0	2.82	2.62	2.55	2.84	2.72	2.43	2.26	2.37	2.15	3.0	2.9	3.07	3.37	3.43	3.47	2.99	3.09	2.16	2.88	3.14
7MZ5_A.TRPV1	1.52	1.57	2.38	1.83	1.37	3.19	2.89	3.89	4.16	4.11	3.59	2.52	2.52	3.06	3.62	4.17	3.25	3.25	2.41	4.24	5.5	3.26	2.5	2.42	3.19	3.25	3.07	3.26	3.14	4.69	2.45	4.19	2.52	2.45	2.45	2.02	1.89	2.04	1.83	3.89	3.01	2.43	2.26	2.29	3.83	3.64	3.61	2.93	4.1	4.08	2.84	3.09	2.97	3.07	3.14	3.21	2.14	2.35	3.0	3.16	4.09	3.8	2.16	3.81	3.24	2.41	2.6	2.49	2.54	4.41	4.63	4.14	3.53	3.03	2.99	2.96	3.09	3.22	3.9	2.52	2.25	1.28	0.78	1.38	1.75	1.58	1.65	1.69	1.44	1.32	1.43	1.16	1.36	1.3	3.29	3.18	4.1	2.63	2.46	2.82	0.0	1.18	0.97	0.96	2.25	1.32	1.53	1.39	1.83	2.52	2.28	2.34	4.12	3.91	4.18	2.39	2.37	2.77	2.51	3.13
7MZ9_A.TRPV1	1.26	1.22	2.26	1.85	0.94	2.91	2.73	3.65	3.79	3.8	3.41	2.33	2.33	2.8	3.45	3.79	3.05	3.05	2.22	4.16	5.55	3.34	2.58	2.23	2.94	2.99	2.85	3.07	3.03	4.66	2.22	3.87	2.3	2.27	2.27	1.71	1.83	1.78	1.75	3.83	2.84	2.26	2.03	2.04	3.65	3.7	3.42	2.77	3.86	3.79	2.69	2.97	2.89	3.06	2.95	2.79	2.07	2.41	2.85	3.05	4.01	3.83	2.01	3.76	3.08	2.24	2.37	2.31	2.36	4.29	4.48	4.0	3.37	3.1	3.01	2.79	3.13	3.2	3.82	2.25	2.03	0.74	1.18	0.68	1.18	0.85	1.37	1.6	1.04	1.08	1.04	1.19	0.94	0.9	2.97	2.97	3.86	2.35	2.18	2.62	1.18	0.0	0.7	0.87	2.21	1.03	1.27	1.4	1.8	2.27	2.11	2.25	3.91	3.61	3.97	2.13	2.07	2.49	2.34	2.82
7MZC_A.TRPV1	1.29	1.38	2.22	1.58	1.19	2.98	2.77	3.72	3.8	3.82	3.5	2.36	2.36	2.88	3.39	3.81	3.03	3.03	2.29	4.07	5.51	3.25	2.62	2.31	3.07	3.13	2.98	3.18	3.03	4.31	2.36	3.91	2.36	2.3	2.29	1.8	1.83	1.82	1.77	4.08	2.97	2.31	2.08	2.1	3.68	3.68	3.43	2.87	3.83	3.79	2.63	3.16	2.87	3.2	2.93	2.92	2.17	2.42	2.86	3.05	3.94	3.73	2.09	3.73	3.05	2.27	2.41	2.34	2.38	4.26	4.61	4.07	3.46	3.13	2.99	2.81	3.12	3.01	3.83	2.37	2.18	1.11	0.82	1.08	1.41	1.2	1.5	1.31	1.25	1.11	1.25	1.02	1.33	1.09	3.15	2.93	3.87	2.38	2.2	2.55	0.97	0.7	0.0	0.98	2.21	1.11	1.17	1.16	1.56	2.43	2.08	2.2	3.81	3.57	3.94	2.13	2.14	2.57	2.37	2.95
7MZD_A.TRPV1	1.45	1.39	2.24	1.98	1.19	3.05	2.79	3.73	3.9	4.0	3.37	2.4	2.4	2.82	3.52	4.17	3.08	3.08	2.29	4.32	5.51	3.33	2.53	2.38	3.04	3.07	2.96	3.09	3.02	4.32	2.36	3.97	2.4	2.35	2.34	1.86	1.81	1.91	1.74	3.78	2.89	2.36	2.13	2.26	3.76	3.73	3.58	2.87	3.93	3.72	2.73	2.84	2.87	2.97	3.02	3.07	2.07	2.32	2.95	3.05	4.07	3.77	2.09	3.83	3.22	2.29	2.44	2.38	2.46	4.21	4.43	3.98	3.34	3.02	3.04	2.85	3.02	3.22	3.87	2.44	2.2	1.09	1.25	1.02	1.4	1.18	1.31	1.77	1.31	1.28	1.3	1.29	1.29	1.27	2.91	2.9	3.97	2.45	2.34	2.84	0.96	0.87	0.98	0.0	2.16	1.17	1.46	1.57	1.96	2.48	2.29	2.29	4.0	3.87	4.07	2.38	2.27	2.58	2.44	2.91
7N0M_A.TRPV2	1.94	2.01	1.3	2.22	2.04	2.64	3.2	3.46	3.63	3.71	2.89	2.57	2.57	3.12	3.07	4.0	2.66	2.66	2.5	4.01	5.42	3.62	2.64	2.3	3.37	3.34	3.13	3.24	2.89	4.24	2.31	3.53	2.48	2.57	2.58	2.24	1.92	1.92	1.82	4.03	2.76	2.36	2.39	2.42	3.56	3.46	3.34	2.9	3.76	4.07	2.53	2.89	2.81	2.92	2.67	2.69	1.07	1.48	2.79	2.97	3.8	3.56	1.02	3.53	2.83	2.58	2.55	2.53	2.52	4.14	4.05	3.45	2.91	2.81	3.02	2.77	2.99	2.99	3.48	2.32	2.17	2.27	2.18	2.19	2.03	2.13	1.9	2.13	2.09	2.13	2.07	2.15	2.17	2.19	3.26	3.08	3.41	2.43	2.42	2.72	2.25	2.21	2.21	2.16	0.0	2.22	2.19	2.24	2.12	2.46	2.32	2.23	3.52	3.44	3.59	2.5	2.45	2.62	2.51	2.98
7RQU_A.TRPV1	1.31	1.32	2.23	1.7	1.0	2.93	2.69	3.7	3.73	3.73	3.46	2.53	2.53	3.01	3.43	4.12	2.91	2.92	2.33	4.23	5.56	3.45	2.68	2.3	3.19	3.31	3.05	3.09	2.98	4.7	2.18	3.81	2.47	2.48	2.47	1.58	1.74	1.65	1.61	3.98	2.87	2.14	2.15	2.14	3.6	3.59	3.49	2.77	3.89	3.89	2.56	2.95	2.78	3.0	3.01	2.88	2.09	2.42	2.94	3.1	4.01	3.79	2.06	3.73	2.99	2.46	2.47	2.52	2.39	4.23	4.51	3.97	3.35	3.18	3.05	2.89	3.14	3.0	3.75	2.26	2.1	1.28	1.37	1.25	1.32	1.12	1.42	1.63	0.85	0.52	0.77	1.06	1.14	0.81	3.06	2.94	3.72	2.11	1.94	2.43	1.32	1.03	1.11	1.17	2.22	0.0	0.85	1.01	1.63	2.37	2.19	2.25	3.94	3.73	4.0	2.29	2.16	2.34	2.38	2.91
7RQV_A.TRPV1	1.47	1.53	2.22	1.47	1.24	2.98	2.77	3.72	3.8	3.77	3.33	2.58	2.58	2.95	3.2	3.61	3.07	3.08	2.39	4.16	5.47	3.43	2.64	2.24	3.37	3.43	3.05	3.35	3.06	4.37	2.31	3.89	2.58	2.54	2.54	1.68	1.76	1.67	1.7	4.19	2.87	2.23	2.19	2.26	3.63	3.62	3.6	2.88	3.76	3.99	2.49	2.96	2.69	3.12	2.99	3.06	2.12	2.51	3.02	3.2	3.75	3.8	2.12	3.76	2.77	2.52	2.55	2.63	2.45	4.28	4.42	3.85	3.49	3.3	3.0	2.94	3.14	2.92	3.75	2.23	2.19	1.6	1.39	1.49	1.48	1.38	1.57	1.35	1.1	0.8	1.09	0.99	1.37	0.95	3.3	3.01	3.85	2.16	1.97	2.26	1.53	1.27	1.17	1.46	2.19	0.85	0.0	0.7	1.25	2.3	2.07	2.33	3.94	3.53	4.01	2.17	2.32	2.46	2.44	2.95
7RQX_A.TRPV1	1.51	1.65	2.31	1.27	1.35	2.9	2.89	3.77	3.87	3.77	3.56	2.54	2.54	3.12	3.23	3.65	3.06	3.06	2.38	4.1	5.61	3.48	2.6	2.16	3.36	3.44	3.33	3.43	3.02	4.32	2.42	3.86	2.59	2.5	2.5	1.87	1.89	1.82	1.87	4.16	2.93	2.38	2.27	2.28	3.74	3.79	3.5	3.05	3.77	4.05	2.54	3.01	2.76	3.24	2.97	2.79	2.2	2.5	2.96	3.15	3.64	3.71	2.19	3.66	3.08	2.48	2.61	2.6	2.47	4.29	4.52	4.0	3.5	3.12	2.84	2.89	3.05	3.03	3.74	2.27	2.17	1.65	1.18	1.57	1.71	1.61	1.75	1.33	1.23	0.94	1.24	0.91	1.38	1.08	3.46	3.18	3.95	2.37	2.17	2.37	1.39	1.4	1.16	1.57	2.24	1.01	0.7	0.0	1.2	2.33	2.04	2.3	3.94	3.62	4.0	2.22	2.35	2.63	2.46	3.04
7RQY_A.TRPV1	1.81	1.84	2.28	1.03	1.8	2.78	3.01	3.56	3.77	3.76	3.35	2.69	2.69	3.28	3.0	3.53	2.91	2.91	2.47	4.06	5.64	3.68	2.76	1.87	3.62	3.43	3.3	3.53	3.08	4.32	2.32	3.82	2.62	2.65	2.65	1.91	1.95	1.83	1.94	4.37	2.82	2.23	2.22	2.24	3.82	3.83	3.52	3.05	3.68	4.18	2.5	2.93	2.64	2.96	2.92	2.95	2.16	2.46	3.03	3.26	3.65	3.58	2.22	3.57	3.06	2.61	2.75	2.71	2.56	4.39	4.5	3.88	3.5	3.18	2.91	2.96	3.15	3.16	3.59	1.89	2.01	1.94	1.62	1.95	1.8	1.98	1.83	1.02	1.75	1.52	1.76	1.36	1.85	1.58	3.48	3.24	3.8	2.35	2.16	2.15	1.83	1.8	1.56	1.96	2.12	1.63	1.25	1.2	0.0	2.16	1.84	2.21	3.78	3.56	3.83	2.05	2.27	2.73	2.53	3.05
7S88_A.TRPV6	2.12	2.3	2.41	2.04	2.35	2.75	3.13	4.17	4.29	4.31	3.38	2.8	2.8	2.91	3.16	4.09	2.9	2.89	2.61	4.5	5.68	3.43	2.97	0.66	3.18	3.36	3.02	3.25	3.38	4.56	1.61	4.31	2.75	2.66	2.67	2.54	2.3	2.29	2.34	4.06	2.82	1.47	1.22	1.26	3.83	3.68	3.62	2.75	3.51	4.21	2.65	2.79	2.74	3.15	2.82	2.77	2.21	2.47	3.27	3.35	3.85	3.45	2.36	3.26	3.62	2.69	2.79	2.79	2.68	4.33	4.44	3.8	3.2	3.31	3.25	2.89	3.1	3.45	3.49	0.66	0.86	2.33	2.36	2.4	2.17	2.37	2.21	2.22	2.38	2.4	2.31	2.29	2.6	2.47	3.01	2.9	4.35	3.23	3.05	3.0	2.52	2.27	2.43	2.48	2.46	2.37	2.3	2.33	2.16	0.0	0.28	0.88	4.2	4.13	4.26	0.81	1.14	3.14	2.64	3.01
7S89_A.TRPV6	2.05	2.18	2.28	1.85	2.2	2.78	3.2	3.88	4.06	4.05	3.42	2.74	2.74	2.87	3.13	3.8	2.94	2.96	2.69	4.08	5.57	3.38	2.72	0.65	3.05	3.24	3.0	3.19	3.43	4.21	1.4	4.12	2.73	2.64	2.66	2.29	2.28	2.27	2.32	3.91	2.78	1.48	1.16	1.18	3.77	3.74	3.66	2.74	3.58	4.16	2.65	2.76	2.78	2.65	2.83	2.79	2.14	2.44	3.27	3.39	3.8	3.46	2.29	3.29	3.69	2.68	2.9	2.78	2.77	4.4	4.47	3.88	3.23	3.33	3.25	2.9	3.32	3.25	3.48	0.85	1.0	2.29	2.04	2.24	2.04	2.25	2.1	1.9	2.26	2.17	2.18	1.97	2.38	2.32	3.04	2.87	4.07	3.06	2.88	2.9	2.28	2.11	2.08	2.29	2.32	2.19	2.07	2.04	1.84	0.28	0.0	0.83	3.96	3.88	3.98	0.68	1.09	2.94	2.72	3.0
7S8B_A.TRPV6	2.0	2.11	2.25	2.25	2.23	2.8	3.12	4.09	4.27	4.34	3.34	2.67	2.67	2.91	3.28	3.74	2.91	2.9	2.51	4.5	5.31	3.33	2.86	0.99	3.11	3.27	3.03	3.1	3.28	4.63	1.32	4.47	2.67	2.64	2.65	2.39	2.07	2.1	2.11	3.8	2.73	1.48	1.27	1.31	3.57	3.56	3.55	2.69	3.64	3.81	2.74	2.85	2.81	3.02	2.87	2.81	2.04	2.33	3.1	3.2	4.0	3.56	2.15	3.39	3.68	2.66	2.74	2.72	2.56	4.32	4.33	3.71	3.17	3.19	3.12	2.77	3.05	3.64	3.6	1.02	0.75	2.31	2.33	2.27	2.05	2.24	2.06	2.23	2.26	2.28	2.2	2.2	2.5	2.41	3.08	2.95	4.42	3.11	2.91	3.07	2.34	2.25	2.2	2.29	2.23	2.25	2.33	2.3	2.21	0.88	0.83	0.0	4.34	4.22	4.33	1.22	1.26	2.98	2.53	2.98
7SQ6_A.TRPML1	3.77	3.98	3.53	3.6	3.93	4.53	3.97	1.53	2.44	2.51	4.71	3.95	3.95	3.94	4.31	4.92	4.35	4.38	4.04	2.55	5.28	4.47	4.43	3.95	4.51	4.3	4.02	4.38	4.55	5.08	4.23	2.67	4.1	3.94	3.94	3.6	3.49	3.31	3.45	5.11	3.96	4.12	4.11	4.26	4.66	4.38	4.37	3.91	3.64	5.0	3.57	3.57	3.87	3.87	4.73	4.63	3.47	3.27	4.5	4.55	4.55	3.49	3.43	3.47	4.17	4.07	3.92	4.11	3.93	4.53	4.74	4.71	4.43	4.45	4.46	4.13	4.37	2.13	3.26	4.0	4.11	4.06	3.96	3.98	3.85	3.89	3.97	3.66	3.93	3.93	3.89	3.99	4.03	4.05	4.54	4.38	2.23	3.76	3.96	3.37	4.12	3.91	3.81	4.0	3.52	3.94	3.94	3.94	3.78	4.2	3.96	4.34	0.0	2.14	0.52	4.35	4.36	3.95	3.91	4.06
7SQ7_A.TRPML1	3.57	3.82	3.36	3.76	3.79	4.26	4.13	2.23	1.06	1.31	4.48	3.92	3.92	3.94	4.09	4.68	4.06	4.08	3.99	1.55	5.11	4.33	4.17	3.85	4.35	4.26	3.96	4.4	4.21	5.16	4.11	1.38	3.93	3.89	3.9	3.34	3.28	3.13	3.29	4.81	4.02	4.02	4.19	4.2	4.71	4.53	4.68	3.8	3.41	4.89	3.39	3.68	3.73	3.92	4.39	4.31	3.33	3.41	4.14	4.17	4.54	3.34	3.25	3.28	4.08	3.94	3.81	4.1	3.79	3.98	4.11	4.45	4.16	4.09	4.49	3.8	4.17	1.81	3.45	3.91	4.09	3.75	3.92	3.84	3.74	3.55	3.66	3.52	3.76	3.58	3.57	3.87	3.91	4.0	4.61	4.3	1.04	3.62	3.53	3.43	3.91	3.61	3.57	3.87	3.44	3.73	3.53	3.62	3.56	4.13	3.88	4.22	2.14	0.0	2.19	4.17	4.16	3.76	3.77	4.02
7SQ9_A.TRPML1	3.84	4.04	3.6	3.65	3.98	4.6	4.02	1.58	2.51	2.58	4.77	3.97	3.91	3.91	4.37	4.96	4.45	4.47	4.01	2.75	5.15	4.52	4.38	3.99	4.66	4.28	3.98	4.38	4.5	5.14	4.23	2.71	4.07	3.93	3.95	3.63	3.49	3.39	3.45	5.12	4.07	4.16	4.41	4.33	4.69	4.58	4.4	3.88	3.7	5.03	3.62	3.61	3.86	3.95	4.72	4.61	3.54	3.42	4.44	4.45	4.4	3.53	3.51	3.5	4.38	4.03	3.99	4.11	3.91	4.64	4.8	4.71	4.46	4.36	4.45	4.1	4.3	2.24	3.59	4.03	4.16	4.12	4.02	4.04	3.91	3.95	3.93	3.72	3.99	3.99	3.96	4.05	4.08	4.12	4.54	4.38	2.29	3.77	4.0	3.47	4.18	3.97	3.94	4.07	3.59	4.0	4.01	4.0	3.83	4.26	3.98	4.33	0.52	2.19	0.0	4.42	4.18	4.1	3.9	4.09
7T6M_A.TRPV5	2.08	2.16	2.4	2.17	2.12	3.51	3.14	4.01	4.34	4.35	4.16	2.72	2.72	2.94	3.22	4.08	3.0	3.01	2.63	4.3	5.56	3.45	2.84	0.94	3.18	3.29	3.14	3.21	3.45	4.53	1.37	4.38	2.8	2.71	2.71	2.48	2.29	2.29	2.27	3.88	2.88	1.28	0.93	0.95	3.67	3.63	3.65	2.74	3.68	4.05	2.71	2.78	2.75	3.0	2.9	2.85	2.17	2.5	3.21	3.39	4.17	3.55	2.31	3.38	3.69	2.73	2.84	2.82	2.74	4.37	4.51	3.92	3.25	3.46	3.38	2.94	3.24	3.23	3.59	1.06	0.99	2.36	2.27	2.29	2.13	2.33	2.19	2.07	2.28	2.37	2.21	2.2	2.53	2.51	3.12	3.04	4.37	3.08	2.93	2.99	2.39	2.13	2.13	2.38	2.5	2.29	2.17	2.22	2.05	0.81	0.68	1.22	4.35	4.17	4.42	0.0	0.76	3.04	2.7	3.02
7T6O_A.TRPV5	2.04	2.27	2.38	2.33	2.13	3.25	3.02	3.93	4.25	4.17	3.61	2.75	2.75	2.83	3.44	4.13	3.07	3.08	2.66	4.33	5.29	3.25	2.87	1.29	3.21	3.08	3.0	3.16	3.52	4.42	1.19	4.34	2.79	2.74	2.75	2.44	2.19	2.14	2.15	3.67	2.84	1.12	0.74	0.72	3.79	3.78	3.71	2.58	3.83	4.0	2.81	3.16	2.81	3.17	3.17	2.94	2.05	2.44	3.27	3.42	4.36	3.69	2.19	3.56	3.63	2.77	2.83	2.85	2.75	4.17	4.45	3.82	3.13	3.43	3.47	3.0	3.29	3.69	3.61	1.34	0.91	2.3	2.33	2.24	2.05	2.23	2.13	2.27	2.19	2.34	2.19	2.21	2.48	2.47	3.01	2.98	4.28	3.05	2.89	3.09	2.37	2.07	2.14	2.27	2.45	2.16	2.32	2.35	2.27	1.14	1.09	1.26	4.36	4.16	4.18	0.76	0.0	2.91	2.72	2.94
7UGG_A.TRPV3	2.73	2.67	2.98	2.9	2.52	3.2	3.13	3.98	3.79	3.7	3.55	2.79	2.79	2.8	3.35	3.79	3.26	3.24	2.83	4.31	5.42	3.06	3.41	2.96	3.15	3.22	2.88	3.08	2.99	4.18	2.84	3.57	2.69	2.87	2.86	1.7	1.9	1.79	1.93	3.83	2.8	2.72	2.93	2.97	3.75	3.74	3.83	2.5	3.87	3.53	3.01	3.37	3.04	3.09	3.33	3.31	2.57	2.91	3.0	3.22	4.15	3.83	2.37	3.67	3.09	2.81	2.73	2.86	2.72	3.81	4.07	3.56	3.49	3.26	3.24	3.03	3.35	2.92	3.7	2.78	2.89	2.66	2.81	2.64	2.42	2.47	2.44	2.73	2.43	2.39	2.45	2.62	2.6	2.37	3.0	2.92	3.6	1.27	1.37	2.16	2.77	2.49	2.57	2.58	2.62	2.34	2.46	2.63	2.73	3.14	2.94	2.98	3.95	3.76	4.1	3.04	2.91	0.0	2.76	2.61
7WDB_A.TRPC5	2.21	2.21	2.54	2.46	2.24	2.87	3.01	3.7	4.11	4.01	3.72	1.12	1.12	3.08	3.28	3.58	3.13	3.16	0.74	4.24	5.83	3.58	2.79	2.71	3.36	3.38	3.26	3.04	2.12	4.61	2.68	4.04	0.97	0.97	0.9	2.83	2.5	2.64	2.68	4.32	3.05	2.72	2.65	2.68	3.79	3.75	3.51	3.07	3.66	3.78	2.94	2.78	3.04	3.41	3.15	2.93	2.48	2.62	2.03	1.99	3.65	3.58	2.52	3.61	3.84	0.8	1.12	1.03	0.16	4.36	4.42	3.65	3.22	1.91	2.24	1.74	1.93	3.3	3.6	2.65	2.52	2.32	2.45	2.19	2.19	2.22	2.17	2.5	2.29	2.35	2.24	2.32	2.88	2.6	3.12	3.03	3.84	2.89	2.68	2.88	2.51	2.34	2.37	2.44	2.51	2.38	2.44	2.46	2.53	2.64	2.72	2.53	3.91	3.77	3.9	2.7	2.72	2.76	0.0	3.3
7WRE_A.TRPM8	2.91	2.82	3.0	3.16	2.81	3.65	3.17	4.04	4.02	4.06	3.75	3.37	3.37	2.13	3.64	3.52	3.49	3.57	3.38	4.2	5.41	2.6	3.29	3.03	2.62	2.74	2.37	2.18	3.48	3.74	2.85	4.09	3.46	3.4	3.4	2.78	2.68	2.72	2.7	3.66	2.16	2.8	2.89	2.97	3.45	3.55	3.62	1.26	3.76	3.06	3.24	3.11	3.38	3.39	3.51	3.31	2.88	3.09	3.4	3.4	4.37	3.87	2.89	3.67	3.14	3.36	3.35	3.38	3.29	3.88	3.97	3.46	3.26	3.57	3.56	3.29	3.46	3.66	3.85	3.08	2.91	2.84	3.03	2.79	2.74	2.69	2.75	3.11	2.8	2.82	2.8	2.98	3.0	2.97	1.79	1.96	4.05	2.78	2.74	3.14	3.13	2.82	2.95	2.91	2.98	2.91	2.95	3.04	3.05	3.01	3.0	2.98	4.06	4.02	4.09	3.02	2.94	2.61	3.3	0.0
